Date,Open,High,Low,Close,Adj Close,Volume
2005-01-03,4.627143,4.650714,4.471428,4.520714,3.906528,172998000
2005-01-04,4.556428,4.676429,4.497857,4.567143,3.946648,274202600
2005-01-05,4.604286,4.660714,4.575000,4.607143,3.981214,170108400
2005-01-06,4.619286,4.636428,4.523571,4.610714,3.984299,176388800
2005-01-07,4.642857,4.973571,4.625000,4.946429,4.274403,556862600
2005-01-10,4.987857,5.050000,4.848571,4.925714,4.256503,431327400
2005-01-11,4.875000,4.939286,4.581429,4.611429,3.984917,652906800
2005-01-12,4.675000,4.707143,4.521429,4.675714,4.040469,479925600
2005-01-13,5.265000,5.315714,4.980714,4.985714,4.308352,791179200
2005-01-14,5.017857,5.122857,4.942143,5.014286,4.333043,442685600
2005-01-18,4.989286,5.050000,4.839286,5.046429,4.360816,251615000
2005-01-19,5.035000,5.104286,4.982143,4.991428,4.313290,187973800
2005-01-20,4.975000,5.090714,4.962143,5.032857,4.349091,228730600
2005-01-21,5.093572,5.114286,5.000000,5.035000,4.350942,227833200
2005-01-24,5.070000,5.127143,5.039286,5.054286,4.367608,210407400
2005-01-25,5.097857,5.202857,5.067143,5.146429,4.447231,242307800
2005-01-26,5.190000,5.196429,5.087143,5.160714,4.459575,184874200
2005-01-27,5.154286,5.208571,5.110714,5.188571,4.483649,124056800
2005-01-28,5.187143,5.284286,5.174286,5.284286,4.566359,200403000
2005-01-31,5.327143,5.563571,5.322143,5.492857,4.746594,420274400
2005-02-01,5.503572,5.555000,5.470000,5.537857,4.785480,169598800
2005-02-02,5.567857,5.707857,5.549286,5.687857,4.915102,255015600
2005-02-03,5.650000,5.673572,5.523571,5.557857,4.802763,182912800
2005-02-04,5.562143,5.637857,5.537857,5.631429,4.866339,140889000
2005-02-07,5.637857,5.667857,5.535714,5.638571,4.872512,131114200
2005-02-08,5.647857,5.812857,5.627857,5.778572,4.993490,222504800
2005-02-09,5.788571,5.856429,5.578571,5.624286,4.860167,297864000
2005-02-10,5.622857,5.662857,5.475714,5.597143,4.836711,273254800
2005-02-11,5.704286,5.840000,5.638571,5.800714,5.012625,300263600
2005-02-14,5.909286,6.056428,5.860714,6.045000,5.223722,317865800
2005-02-15,6.190000,6.362857,6.142857,6.315000,5.457039,578054400
2005-02-16,6.296429,6.442857,6.239286,6.437857,5.563206,409810800
2005-02-17,6.475000,6.491428,6.246428,6.272143,5.420006,379618400
2005-02-18,6.267143,6.275714,6.160714,6.200714,5.358283,290813600
2005-02-22,6.164286,6.307143,6.092143,6.092143,5.264459,304823400
2005-02-23,6.194286,6.317857,6.110714,6.302143,5.445928,336295400
2005-02-24,6.320000,6.379286,6.266428,6.352143,5.489136,379757000
2005-02-25,6.401429,6.422143,6.299286,6.356429,5.492840,228877600
2005-02-28,6.382857,6.448571,6.280000,6.408571,5.537899,162902600
2005-03-01,6.427143,6.444286,6.308571,6.357143,5.493457,117047000
2005-03-02,6.321429,6.412857,6.297143,6.302857,5.446546,114540300
2005-03-03,6.338572,6.344285,5.888571,5.970000,5.158911,352913400
2005-03-04,6.108572,6.144286,5.978571,6.115714,5.284830,189154700
2005-03-07,6.114286,6.178571,6.050000,6.107143,5.277422,112658000
2005-03-08,5.985714,6.022857,5.728571,5.790000,5.003366,255362800
2005-03-09,5.662857,5.754286,5.547143,5.621428,4.857697,330616300
2005-03-10,5.647143,5.751429,5.585714,5.690000,4.916954,194277300
2005-03-11,5.744286,5.798572,5.685714,5.752857,4.971272,158207700
2005-03-14,5.788571,5.827143,5.645714,5.760000,4.977443,151346300
2005-03-15,5.805714,5.877143,5.750000,5.851429,5.056450,127152200
2005-03-16,5.887143,6.044286,5.825714,5.882857,5.083608,174453300
2005-03-17,5.932857,6.125714,5.902857,6.035714,5.215698,200480000
2005-03-18,6.190000,6.205714,6.071429,6.137143,5.303347,235037600
2005-03-21,6.184286,6.281428,6.122857,6.242857,5.394698,135282000
2005-03-22,6.244286,6.280000,6.097143,6.118571,5.287299,137853800
2005-03-23,6.064286,6.200000,6.002857,6.078571,5.252733,152455800
2005-03-24,6.130000,6.142857,6.071429,6.071429,5.246560,88176200
2005-03-28,6.107143,6.137143,6.067143,6.075714,5.250262,68852700
2005-03-29,6.080000,6.118571,5.928571,5.964286,5.153974,115339000
2005-03-30,6.010000,6.114286,5.974286,6.114286,5.283595,98739900
2005-03-31,6.064286,6.074286,5.941429,5.952857,5.144097,159033700
2005-04-01,6.012857,6.025714,5.795714,5.841429,5.047809,160321000
2005-04-04,5.855714,5.901429,5.737143,5.870000,5.072497,145003600
2005-04-05,5.888571,6.034286,5.870000,5.984286,5.171257,139059900
2005-04-06,6.057143,6.115714,6.021429,6.047143,5.225574,103706400
2005-04-07,6.047143,6.250000,6.035714,6.222857,5.377415,126746900
2005-04-08,6.242857,6.350000,6.220000,6.248571,5.399636,162487500
2005-04-11,6.307143,6.321429,5.987143,5.988572,5.174961,205415700
2005-04-12,6.070000,6.170000,6.001429,6.094285,5.266313,245265300
2005-04-13,6.135714,6.141428,5.770000,5.862857,5.066326,342986700
2005-04-14,5.544286,5.651429,5.262857,5.322857,4.599690,688298100
2005-04-15,5.231429,5.321429,5.040000,5.050000,4.363904,432021800
2005-04-18,5.000000,5.185714,4.857143,5.088572,4.397233,331794400
2005-04-19,5.228571,5.348571,5.124286,5.298572,4.578704,270410700
2005-04-20,5.380000,5.391428,5.062857,5.072857,4.383656,236282900
2005-04-21,5.200000,5.315714,5.128572,5.311429,4.589814,189898100
2005-04-22,5.262857,5.285714,4.985714,5.071429,4.382421,209782300
2005-04-25,5.212857,5.288571,5.158571,5.282857,4.565125,186615100
2005-04-26,5.254286,5.358572,5.160000,5.170000,4.467600,202626900
2005-04-27,5.127143,5.194286,5.072857,5.135714,4.437972,153472200
2005-04-28,5.184286,5.191429,5.034286,5.077143,4.387358,143776500
2005-04-29,5.164286,5.175714,5.031428,5.151429,4.451554,167907600
2005-05-02,5.172857,5.235714,5.145714,5.204286,4.497227,116480000
2005-05-03,5.200000,5.248571,5.147143,5.172857,4.470070,124184900
2005-05-04,5.158571,5.314286,5.157143,5.307143,4.586110,112044100
2005-05-05,5.321429,5.324286,5.210000,5.240000,4.528091,96841500
2005-05-06,5.270000,5.332857,5.255714,5.320000,4.597221,81561900
2005-05-09,5.325714,5.350000,5.250000,5.281428,4.563890,88923800
2005-05-10,5.250000,5.321429,5.190000,5.202857,4.495994,110065900
2005-05-11,5.028572,5.095714,4.730000,5.087143,4.396001,510495300
2005-05-12,5.060000,5.084286,4.857143,4.875714,4.213296,242560500
2005-05-13,4.885714,5.032857,4.867143,4.967143,4.292305,175678300
2005-05-16,4.937143,5.100000,4.932857,5.078571,4.388595,118573700
2005-05-17,5.020000,5.065714,4.934286,5.051429,4.365139,147086100
2005-05-18,5.064286,5.365714,4.998571,5.120000,4.424394,159180700
2005-05-19,5.111429,5.382857,5.111429,5.364286,4.635490,198290400
2005-05-20,5.321429,5.378572,5.312857,5.364286,4.635490,113162700
2005-05-23,5.407143,5.700000,5.407143,5.680000,4.908310,260643600
2005-05-24,5.635714,5.712857,5.575714,5.671429,4.900906,148365000
2005-05-25,5.642857,5.707143,5.617143,5.682857,4.910781,99001700
2005-05-26,5.705714,5.848571,5.705714,5.820000,5.029292,131380200
2005-05-27,5.805714,5.827143,5.715714,5.794286,5.007070,79002000
2005-05-31,5.808571,5.820000,5.654286,5.680000,4.908310,101051300
2005-06-01,5.698571,5.822857,5.694286,5.757143,4.974973,113453200
2005-06-02,5.721428,5.760000,5.657143,5.720000,4.942877,93493400
2005-06-03,5.451428,5.511428,5.395714,5.462857,4.720671,239217300
2005-06-06,5.475714,5.518571,5.365714,5.417143,4.681166,202991600
2005-06-07,5.371428,5.390000,5.207143,5.220000,4.510806,186316200
2005-06-08,5.232857,5.321429,5.224286,5.274286,4.557718,101001600
2005-06-09,5.285714,5.420000,5.260000,5.378572,4.647835,97563900
2005-06-10,5.342857,5.342857,5.074286,5.115714,4.420689,169733200
2005-06-13,5.127143,5.230000,5.117143,5.128572,4.431800,108943100
2005-06-14,5.131429,5.164286,5.107143,5.142857,4.444145,86961700
2005-06-15,5.267143,5.328571,5.185714,5.304286,4.583642,140835800
2005-06-16,5.312857,5.440000,5.260000,5.425714,4.688573,136918600
2005-06-17,5.495714,5.505714,5.404286,5.472857,4.729311,149031400
2005-06-20,5.407143,5.441429,5.350000,5.372857,4.642897,80929100
2005-06-21,5.388571,5.455714,5.340000,5.408571,4.673759,92631700
2005-06-22,5.465714,5.514286,5.448571,5.507143,4.758938,106231300
2005-06-23,5.547143,5.682857,5.521429,5.555714,4.800911,168563500
2005-06-24,5.584286,5.588572,5.382857,5.394286,4.661415,102677400
2005-06-27,5.262857,5.442857,5.240000,5.300000,4.579938,150042900
2005-06-28,5.355714,5.370000,5.310000,5.330000,4.605863,87574900
2005-06-29,5.318572,5.327143,5.160000,5.195714,4.489820,112089600
2005-06-30,5.230000,5.308571,5.187143,5.258572,4.544139,104597500
2005-07-01,5.261428,5.281428,5.184286,5.214286,4.505869,62500200
2005-07-05,5.221428,5.450000,5.214286,5.425714,4.688573,113567300
2005-07-06,5.387143,5.451428,5.314286,5.341429,4.615739,98656600
2005-07-07,5.258572,5.394286,5.257143,5.375714,4.645367,95930800
2005-07-08,5.410000,5.468572,5.352857,5.464286,4.721903,72683800
2005-07-11,5.481429,5.521429,5.397143,5.442857,4.703386,97197100
2005-07-12,5.461429,5.485714,5.415714,5.462857,4.720671,96759600
2005-07-13,5.470000,5.500000,5.414286,5.478571,4.734248,171208800
2005-07-14,5.827143,6.001429,5.747143,5.821429,5.030525,524015100
2005-07-15,5.852857,5.938571,5.780000,5.935714,5.129285,171920700
2005-07-18,5.915714,6.014286,5.910000,5.927143,5.121877,146574400
2005-07-19,5.931428,6.175714,5.867143,6.170000,5.331741,167765500
2005-07-20,6.122857,6.257143,6.092857,6.232857,5.386057,113348900
2005-07-21,6.242857,6.291429,6.128572,6.184286,5.344085,101066000
2005-07-22,6.205714,6.285714,6.198571,6.285714,5.431734,75276600
2005-07-25,6.284286,6.325714,6.247143,6.258572,5.408279,73656800
2005-07-26,6.287143,6.301429,6.194286,6.232857,5.386057,67148200
2005-07-27,6.261428,6.295714,6.095714,6.284286,5.430497,70937300
2005-07-28,6.264286,6.285714,6.185714,6.257143,5.407044,62827800
2005-07-29,6.222857,6.340000,6.037143,6.092857,5.265078,140520100
2005-08-01,6.081429,6.154286,6.011428,6.107143,5.277422,78562400
2005-08-02,6.127143,6.214286,6.087143,6.170000,5.331741,74218900
2005-08-03,6.170000,6.187143,6.110000,6.174286,5.335445,64580600
2005-08-04,6.127143,6.142857,6.041429,6.101429,5.272485,67326000
2005-08-05,6.070000,6.194286,6.002857,6.141428,5.307050,60482800
2005-08-08,6.142857,6.178571,6.087143,6.092857,5.265078,44095800
2005-08-09,6.132857,6.270000,6.130000,6.260000,5.409512,95209800
2005-08-10,6.285714,6.341429,6.187143,6.197143,5.355196,90236300
2005-08-11,6.198571,6.302857,6.178571,6.285714,5.431734,67995900
2005-08-12,6.208571,6.602857,6.194286,6.585714,5.690975,229009200
2005-08-15,6.640000,6.904286,6.635714,6.811429,5.886024,271681900
2005-08-16,6.770000,6.785714,6.601429,6.607143,5.709492,134405600
2005-08-17,6.628572,6.777143,6.624286,6.735714,5.820597,124931100
2005-08-18,6.701428,6.714286,6.535714,6.614286,5.715666,110639900
2005-08-19,6.611429,6.671429,6.538571,6.547143,5.657645,94142300
2005-08-22,6.592857,6.678571,6.465714,6.552857,5.662581,96933200
2005-08-23,6.550000,6.585714,6.474286,6.534286,5.646533,73901100
2005-08-24,6.514286,6.731429,6.512857,6.538571,5.650236,143017700
2005-08-25,6.588572,6.641428,6.544286,6.580000,5.686037,69063400
2005-08-26,6.588572,6.620000,6.480000,6.534286,5.646533,65264500
2005-08-29,6.467143,6.575714,6.465714,6.548572,5.658879,64073800
2005-08-30,6.570000,6.684286,6.560000,6.652857,5.748996,129690400
2005-08-31,6.694286,6.718572,6.610000,6.698571,5.788498,100739100
2005-09-01,6.714286,6.738572,6.584286,6.608572,5.710727,89091800
2005-09-02,6.614286,6.685714,6.588572,6.602857,5.705790,55594700
2005-09-06,6.671429,6.982857,6.650000,6.971428,6.024285,204654800
2005-09-07,7.007143,7.057143,6.845714,6.954286,6.009472,240768500
2005-09-08,7.050000,7.160000,7.020000,7.111429,6.145264,175660100
2005-09-09,7.152857,7.335714,7.112857,7.330000,6.334142,153910400
2005-09-12,7.300000,7.375714,7.225714,7.342857,6.345253,113199100
2005-09-13,7.288571,7.327143,7.188571,7.260000,6.273651,123221000
2005-09-14,7.294286,7.312857,7.065714,7.087143,6.124279,118606600
2005-09-15,7.142857,7.168571,7.047143,7.124286,6.156376,103789000
2005-09-16,7.175714,7.315714,7.135714,7.315714,6.321796,147751100
2005-09-19,7.292857,7.555714,7.292857,7.520000,6.498329,195932800
2005-09-20,7.570000,7.687143,7.560000,7.598571,6.566225,204957200
2005-09-21,7.565714,7.578571,7.408571,7.444286,6.432899,108686900
2005-09-22,7.411428,7.495714,7.331429,7.414286,6.406974,115931900
2005-09-23,7.442857,7.642857,7.405715,7.600000,6.567460,139614300
2005-09-26,7.718572,7.794286,7.617143,7.691429,6.646466,136640700
2005-09-27,7.702857,7.748571,7.632857,7.634286,6.597086,85425900
2005-09-28,7.581429,7.587143,7.227143,7.297143,6.305749,281386000
2005-09-29,7.318572,7.512857,7.258572,7.477143,6.461295,159211500
2005-09-30,7.475714,7.664286,7.411428,7.658571,6.618073,132908300
2005-10-03,7.737143,7.791429,7.668571,7.777143,6.720536,126888300
2005-10-04,7.850000,7.907143,7.662857,7.678571,6.635355,134864800
2005-10-05,7.761428,7.765714,7.535714,7.540000,6.515611,152692400
2005-10-06,7.600000,7.641428,7.267143,7.385714,6.382286,189384300
2005-10-07,7.388571,7.418571,7.221428,7.328571,6.332908,169470700
2005-10-10,7.394286,7.415714,7.182857,7.195714,6.218100,126876400
2005-10-11,7.318572,7.410000,7.200000,7.370000,6.368707,306471200
2005-10-12,6.950000,7.185714,6.838572,7.035714,6.079837,674371600
2005-10-13,7.062857,7.707143,7.038571,7.677143,6.634122,466393900
2005-10-14,7.718572,7.764286,7.541429,7.714286,6.666218,258888000
2005-10-17,7.711429,7.747143,7.525714,7.634286,6.597086,154208600
2005-10-18,7.607143,7.707143,7.457143,7.458571,6.445246,152397000
2005-10-19,7.438571,7.851429,7.315714,7.848571,6.782259,252170800
2005-10-20,7.781428,8.071428,7.764286,8.020000,6.930397,339440500
2005-10-21,8.120000,8.140000,7.908571,7.951428,6.871142,199181500
2005-10-24,7.892857,8.112857,7.870000,8.112857,7.010640,152438300
2005-10-25,8.057143,8.121428,7.955714,8.014286,6.925460,116281900
2005-10-26,8.040000,8.222857,7.988572,8.147142,7.040265,157898300
2005-10-27,8.141429,8.144286,7.915714,7.915714,6.840281,102885300
2005-10-28,8.005714,8.061429,7.738572,7.781428,6.724238,192446800
2005-10-31,7.885714,8.282857,7.821429,8.227143,7.109398,235211200
2005-11-01,8.177143,8.305715,8.124286,8.214286,7.098287,187421500
2005-11-02,8.245714,8.571428,8.228572,8.564285,7.400736,214265100
2005-11-03,8.608571,8.902857,8.581429,8.835714,7.635288,221095700
2005-11-04,8.621428,8.748571,8.517143,8.735714,7.548875,219508800
2005-11-07,8.692857,8.810000,8.591429,8.604285,7.435303,159707800
2005-11-08,8.564285,8.625714,8.442857,8.557143,7.394564,118441400
2005-11-09,8.571428,8.744286,8.571428,8.587143,7.420490,138232500
2005-11-10,8.662857,8.742857,8.430000,8.740000,7.552578,166336100
2005-11-11,8.791429,8.872857,8.762857,8.791429,7.597020,106362200
2005-11-14,8.791429,8.854285,8.701428,8.778571,7.585907,92483300
2005-11-15,8.800000,9.011429,8.780000,8.897142,7.688370,134210300
2005-11-16,9.021428,9.294286,9.012857,9.278571,8.017980,196128800
2005-11-17,9.370000,9.411428,9.178572,9.217143,7.964896,169051400
2005-11-18,9.330000,9.347143,9.195714,9.222857,7.969835,131240200
2005-11-21,9.260000,9.312857,9.102858,9.280000,8.019209,127927800
2005-11-22,9.262857,9.537143,9.217143,9.502857,8.211793,135070600
2005-11-23,9.554286,9.711429,9.527143,9.587143,8.284626,121463300
2005-11-25,9.665714,9.934286,9.642858,9.905714,8.559917,98753200
2005-11-28,10.102858,10.152857,9.867143,9.951428,8.599420,254629900
2005-11-29,9.998571,10.042857,9.621428,9.728572,8.406840,222858300
2005-11-30,9.775714,9.835714,9.645715,9.688571,8.372276,148918700
2005-12-01,9.850000,10.247143,9.830000,10.228572,8.838911,203223300
2005-12-02,10.324286,10.391429,10.100000,10.375714,8.966064,223940500
2005-12-05,10.278571,10.361428,10.212857,10.260000,8.866074,145917800
2005-12-06,10.561429,10.690000,10.478572,10.578571,9.141358,214257400
2005-12-07,10.604285,10.637143,10.445714,10.564285,9.129018,169866200
2005-12-08,10.457143,10.595715,10.371428,10.582857,9.145061,197619800
2005-12-09,10.601429,10.655714,10.478572,10.618571,9.175926,138850600
2005-12-12,10.695714,10.764286,10.651428,10.701428,9.247523,131248600
2005-12-13,10.692857,10.780000,10.601429,10.711429,9.256167,123454100
2005-12-14,10.361428,10.471429,10.038571,10.287143,8.889525,362679100
2005-12-15,10.382857,10.408571,10.192857,10.311429,8.910508,140290500
2005-12-16,10.305715,10.328571,10.151428,10.158571,8.778421,167792800
2005-12-19,10.158571,10.371428,10.148571,10.197143,8.811755,132323800
2005-12-20,10.232857,10.340000,10.160000,10.301429,8.901869,119777000
2005-12-21,10.371428,10.515715,10.362857,10.500000,9.073462,118934200
2005-12-22,10.558572,10.641429,10.514286,10.574286,9.137657,92652700
2005-12-23,10.595715,10.608571,10.471429,10.478572,9.054949,57464400
2005-12-27,10.571428,10.740000,10.564285,10.604285,9.163579,147647500
2005-12-28,10.638572,10.680000,10.474286,10.510000,9.082105,99528800
2005-12-29,10.540000,10.545714,10.202857,10.207143,8.820397,122506300
2005-12-30,10.130000,10.347143,10.048572,10.270000,8.874711,156065700
2006-01-03,10.340000,10.678572,10.321428,10.678572,9.227774,201808600
2006-01-04,10.732857,10.854285,10.642858,10.710000,9.254934,154900900
2006-01-05,10.690000,10.700000,10.535714,10.625714,9.182097,112355600
2006-01-06,10.750000,10.957143,10.650000,10.900000,9.419118,176114400
2006-01-09,10.961429,11.028571,10.820000,10.864285,9.388256,168760200
2006-01-10,10.892858,11.698571,10.832857,11.551429,9.982043,569967300
2006-01-11,11.977143,12.114285,11.798572,11.985714,10.357327,373448600
2006-01-12,12.138572,12.342857,11.945714,12.041429,10.405475,320202400
2006-01-13,12.141429,12.287143,12.085714,12.227143,10.565956,194076400
2006-01-17,12.242857,12.340000,11.981428,12.101429,10.457322,208905900
2006-01-18,11.868571,12.007143,11.692857,11.784286,10.183264,300159300
2006-01-19,11.607142,11.665714,11.248571,11.291429,9.757367,423962000
2006-01-20,11.325714,11.434286,10.832857,10.870000,9.393193,283689700
2006-01-23,10.871428,11.365714,10.857142,11.095715,9.588244,264932500
2006-01-24,11.251429,11.345715,10.824286,10.862857,9.387023,285563600
2006-01-25,11.055715,11.071428,10.464286,10.600000,9.159877,318946600
2006-01-26,10.647142,10.775714,10.275714,10.332857,8.929028,295346800
2006-01-27,10.421429,10.514286,10.157143,10.290000,8.891994,238466200
2006-01-30,10.167143,10.942857,10.124286,10.714286,9.258640,349600300
2006-01-31,10.785714,10.905714,10.535714,10.787143,9.321595,228385500
2006-02-01,10.707143,10.922857,10.662857,10.774285,9.310485,130296600
2006-02-02,10.728572,10.765715,10.292857,10.300000,8.900634,176830500
2006-02-03,10.320000,10.398571,10.148571,10.264286,8.869773,173030900
2006-02-06,10.288571,10.358571,9.534286,9.614285,8.308082,412941900
2006-02-07,9.752857,9.925714,9.525714,9.657143,8.345116,347207700
2006-02-08,9.784286,9.868571,9.428572,9.830000,8.494490,238278600
2006-02-09,9.871428,9.890000,9.218572,9.278571,8.017980,287441000
2006-02-10,9.311429,9.667143,8.985714,9.615714,8.309319,440119400
2006-02-13,9.518572,9.535714,9.234285,9.244286,7.988350,220874500
2006-02-14,9.300000,9.728572,9.285714,9.662857,8.350056,290234700
2006-02-15,9.594286,9.945714,9.535714,9.888572,8.545103,289942800
2006-02-16,9.987143,10.144286,9.925714,10.081429,8.711758,237043800
2006-02-17,10.042857,10.127143,9.944285,10.041429,8.677194,143999800
2006-02-21,10.084286,10.114285,9.811429,9.868571,8.527822,194901700
2006-02-22,9.857142,10.238571,9.714286,10.188571,8.804345,244559700
2006-02-23,10.255714,10.428572,10.204286,10.250000,8.857429,214229400
2006-02-24,10.305715,10.412857,10.171429,10.208571,8.821630,133686000
2006-02-27,10.284286,10.302857,10.092857,10.141429,8.763610,197810200
2006-02-28,10.225715,10.342857,9.728572,9.784286,8.454987,316745100
2006-03-01,9.834286,9.927143,9.717143,9.871428,8.530292,190954400
2006-03-02,9.855714,9.998571,9.810000,9.944285,8.593247,156318400
2006-03-03,9.914286,9.987143,9.647142,9.674286,8.359929,184417100
2006-03-06,9.670000,9.674286,9.277143,9.354285,8.083406,228166400
2006-03-07,9.394286,9.557143,9.297143,9.472857,8.185868,218219400
2006-03-08,9.470000,9.600000,9.335714,9.380000,8.105625,163312800
2006-03-09,9.425714,9.495714,9.115714,9.132857,7.892059,199826200
2006-03-10,9.150000,9.212857,8.921429,9.027143,7.800710,260785700
2006-03-13,9.292857,9.468572,9.255714,9.382857,8.108095,215296900
2006-03-14,9.395715,9.617143,9.357142,9.617143,8.310550,160505100
2006-03-15,9.672857,9.720000,9.360000,9.461429,8.175990,222999000
2006-03-16,9.550000,9.557143,9.185715,9.187143,7.938971,187409600
2006-03-17,9.250000,9.362857,9.158571,9.237143,7.982179,203010500
2006-03-20,9.317142,9.351429,9.124286,9.141429,7.899466,151360300
2006-03-21,8.830000,9.191428,8.770000,8.830000,7.630348,336341600
2006-03-22,8.880000,9.035714,8.752857,8.810000,7.613070,336473900
2006-03-23,8.831429,8.842857,8.515715,8.594286,7.426661,356956600
2006-03-24,8.607142,8.705714,8.432858,8.565714,7.401969,267995000
2006-03-27,8.621428,8.768572,8.485714,8.501429,7.346419,277018000
2006-03-28,8.518572,8.591429,8.321428,8.387143,7.247662,342580700
2006-03-29,8.447143,8.931429,8.238571,8.904285,7.694546,586708500
2006-03-30,8.974286,9.042857,8.790000,8.964286,7.746394,347662700
2006-03-31,9.035714,9.087143,8.891429,8.960000,7.742688,203839300
2006-04-03,9.095715,9.160000,8.944285,8.950000,7.734045,203947800
2006-04-04,8.871428,8.888572,8.721429,8.738571,7.551343,232981000
2006-04-05,9.244286,9.601429,9.164286,9.601429,8.296974,558352200
2006-04-06,9.757143,10.292857,9.742857,10.177143,8.794467,665942200
2006-04-07,10.132857,10.172857,9.781428,9.970000,8.615469,386309700
2006-04-10,10.041429,10.132857,9.778571,9.810000,8.477210,225878800
2006-04-11,9.855714,9.900000,9.581429,9.712857,8.393261,234829000
2006-04-12,9.715714,9.738571,9.471429,9.530000,8.235249,184973600
2006-04-13,9.477143,9.634286,9.401428,9.495714,8.205622,183669500
2006-04-17,9.501429,9.548572,9.192857,9.258572,8.000696,180484500
2006-04-18,9.291429,9.495714,9.255714,9.460000,8.174756,198711100
2006-04-19,9.545714,9.571428,9.352858,9.378572,8.104394,271508300
2006-04-20,9.930000,10.000000,9.457143,9.661428,8.348820,416745700
2006-04-21,9.741428,9.805715,9.495714,9.577143,8.275987,197246700
2006-04-24,9.550000,9.560000,9.357142,9.392858,8.116739,176757000
2006-04-25,9.422857,9.512857,9.365714,9.452857,8.168585,132265700
2006-04-26,9.521428,9.754286,9.485714,9.735714,8.413015,177721600
2006-04-27,9.675714,9.980000,9.621428,9.908571,8.562387,211486800
2006-04-28,9.911428,10.185715,9.885715,10.055715,8.689540,190009400
2006-05-01,10.110000,10.220000,9.880000,9.942857,8.592016,187595100
2006-05-02,10.021428,10.282857,10.015715,10.231428,8.841378,192915800
2006-05-03,10.261429,10.278571,10.025714,10.162857,8.782124,171747800
2006-05-04,10.174286,10.412857,10.065714,10.161428,8.780890,215105100
2006-05-05,10.265715,10.321428,10.164286,10.270000,8.874711,140977900
2006-05-08,10.427143,10.542857,10.245714,10.270000,8.874711,148712900
2006-05-09,10.260000,10.365714,10.088572,10.147142,8.768542,132916700
2006-05-10,10.184286,10.190000,9.944285,10.085714,8.715461,114972200
2006-05-11,10.112857,10.120000,9.650000,9.735714,8.413015,203172200
2006-05-12,9.692857,9.812857,9.551429,9.671429,8.357465,160443500
2006-05-15,9.624286,9.768572,9.588572,9.684286,8.368573,132294400
2006-05-16,9.728572,9.750000,9.250000,9.282857,8.021682,234185000
2006-05-17,9.244286,9.385715,9.152857,9.322857,8.056249,188548500
2006-05-18,9.382857,9.465714,9.017143,9.025714,7.799472,164610600
2006-05-19,9.037143,9.268572,8.974286,9.215714,7.963661,246466500
2006-05-22,9.124286,9.141429,8.967143,9.054286,7.824165,179743900
2006-05-23,9.265715,9.312857,9.000000,9.021428,7.795771,173603500
2006-05-24,8.998571,9.092857,8.794286,9.048572,7.819227,229007800
2006-05-25,9.180000,9.207143,9.041429,9.190000,7.941441,115843000
2006-05-26,9.187143,9.222857,9.020000,9.078571,7.845152,108237500
2006-05-30,9.041429,9.042857,8.745714,8.745714,7.557516,140850500
2006-05-31,8.822857,8.827143,8.384286,8.538571,7.378515,320244400
2006-06-01,8.550000,8.897142,8.502857,8.881429,7.674794,235627000
2006-06-02,8.998571,9.014286,8.697143,8.808572,7.611834,171446800
2006-06-05,8.735714,8.735714,8.567142,8.571428,7.406908,151446400
2006-06-06,8.602858,8.661428,8.415714,8.531428,7.372344,181509300
2006-06-07,8.585714,8.628572,8.335714,8.365714,7.229140,187626600
2006-06-08,8.348572,8.704286,8.164286,8.680000,7.500730,349370700
2006-06-09,8.740000,8.794286,8.442857,8.462857,7.313089,193959500
2006-06-12,8.485714,8.532857,8.137143,8.142858,7.036566,179446400
2006-06-13,8.230000,8.442857,8.194285,8.332857,7.200748,270160800
2006-06-14,8.325714,8.397142,8.098572,8.230000,7.111867,219534000
2006-06-15,8.185715,8.534286,8.107142,8.482857,7.330369,297595900
2006-06-16,8.422857,8.455714,8.217143,8.222857,7.105694,209525400
2006-06-19,8.261429,8.311429,8.142858,8.171429,7.061253,176143800
2006-06-20,8.230000,8.335714,8.184286,8.210000,7.094585,168243600
2006-06-21,8.248571,8.387143,8.185715,8.265715,7.142727,215824000
2006-06-22,8.314285,8.535714,8.295714,8.511429,7.355061,241408300
2006-06-23,8.531428,8.595715,8.390000,8.404285,7.262474,165050900
2006-06-26,8.452857,8.457143,8.338572,8.427143,7.282226,116634000
2006-06-27,8.441428,8.460000,8.200000,8.204286,7.089645,137652900
2006-06-28,8.184286,8.185715,7.915714,8.002857,6.915584,212676100
2006-06-29,8.108571,8.441428,8.055715,8.424286,7.279757,218349600
2006-06-30,8.227143,8.250000,8.071428,8.181429,7.069896,184923900
2006-07-03,8.217143,8.311429,8.191428,8.278571,7.153838,48692700
2006-07-05,8.164286,8.228572,8.080000,8.142858,7.036566,129560200
2006-07-06,8.155714,8.200000,7.944286,7.967143,6.884722,158302200
2006-07-07,7.925714,8.078571,7.810000,7.914286,6.839046,199840200
2006-07-10,7.957143,8.070000,7.785714,7.857143,6.789666,132336400
2006-07-11,7.872857,7.998571,7.790000,7.950000,6.869907,206255700
2006-07-12,7.881429,7.891428,7.560000,7.565714,6.537830,231832300
2006-07-13,7.432857,7.731429,7.344285,7.464286,6.450184,312476500
2006-07-14,7.500000,7.555714,7.165714,7.238572,6.255134,248259200
2006-07-17,7.390000,7.587143,7.378572,7.481429,6.464997,256135600
2006-07-18,7.594285,7.692857,7.407143,7.557143,6.530425,250112100
2006-07-19,7.565714,7.868571,7.480000,7.728571,6.678562,347685800
2006-07-20,8.708571,8.798572,8.531428,8.642858,7.468633,493036600
2006-07-21,8.545714,8.735714,8.520000,8.674286,7.495791,222973100
2006-07-24,8.751429,8.871428,8.632857,8.774285,7.582206,180714100
2006-07-25,8.825714,8.870000,8.682858,8.847143,7.645164,147267400
2006-07-26,8.857142,9.234285,8.811429,9.124286,7.884654,224606900
2006-07-27,9.214286,9.288571,8.980000,9.057143,7.826634,183761200
2006-07-28,9.134286,9.382857,9.071428,9.370000,8.096985,172876900
2006-07-31,9.547143,9.804286,9.468572,9.708571,8.389559,223210400
2006-08-01,9.602858,9.704286,9.420000,9.597143,8.293271,177941400
2006-08-02,9.664286,9.811429,9.644286,9.737143,8.414250,137692100
2006-08-03,9.701428,10.000000,9.687143,9.941428,8.590780,210261100
2006-08-04,9.578571,9.801429,9.280000,9.757143,8.431532,463216600
2006-08-07,9.674286,9.942857,9.472857,9.601429,8.296974,311378200
2006-08-08,9.584286,9.587143,9.215714,9.254286,7.996990,249466000
2006-08-09,9.347143,9.371428,9.057143,9.084286,7.850088,238959700
2006-08-10,9.035714,9.258572,8.957143,9.152857,7.909346,174440000
2006-08-11,9.032857,9.161428,8.940000,9.092857,7.857496,194382300
2006-08-14,9.150000,9.317142,9.085714,9.134286,7.893297,179405100
2006-08-15,9.334286,9.500000,9.257143,9.492857,8.203151,215338200
2006-08-16,9.585714,9.724286,9.475715,9.711429,8.392029,195321000
2006-08-17,9.714286,9.808572,9.597143,9.655714,8.343880,145287100
2006-08-18,9.672857,9.771428,9.608571,9.701428,8.383386,134088500
2006-08-21,9.614285,9.615714,9.450000,9.508572,8.216730,131556600
2006-08-22,9.525714,9.760000,9.500000,9.660000,8.347583,144242000
2006-08-23,9.714286,9.807143,9.562857,9.615714,8.309319,134064700
2006-08-24,9.698571,9.741428,9.467143,9.687143,8.371039,163797900
2006-08-25,9.620000,9.864285,9.615714,9.821428,8.487083,135989700
2006-08-28,9.785714,9.801429,9.525714,9.568571,8.268579,184540300
2006-08-29,9.570000,9.608571,9.302857,9.497143,8.206855,236833100
2006-08-30,9.620000,9.688571,9.525714,9.565714,8.266109,170035600
2006-08-31,9.611428,9.757143,9.522857,9.692857,8.375978,143674300
2006-09-01,9.782857,9.807143,9.688571,9.768572,8.441408,102123700
2006-09-05,9.852858,10.214286,9.792857,10.211429,8.824099,253114400
2006-09-06,10.154285,10.241428,9.957143,10.004286,8.645099,243525800
2006-09-07,10.085714,10.497143,10.035714,10.400000,8.987049,316989400
2006-09-08,10.481428,10.510000,10.272857,10.360000,8.952484,223980400
2006-09-11,10.347143,10.532857,10.202857,10.357142,8.950015,237281100
2006-09-12,10.401428,10.492857,10.207143,10.375714,8.966064,421171800
2006-09-13,10.407143,10.617143,10.328571,10.600000,9.159877,286534500
2006-09-14,10.531428,10.667143,10.494286,10.595715,9.156175,200432400
2006-09-15,10.657143,10.711429,10.470000,10.585714,9.147533,245463400
2006-09-18,10.542857,10.694285,10.471429,10.555715,9.121608,176319500
2006-09-19,10.585714,10.622857,10.400000,10.538571,9.106794,177512300
2006-09-20,10.625714,10.811429,10.602858,10.751429,9.290734,205697800
2006-09-21,10.750000,10.865714,10.574286,10.664286,9.215428,198531200
2006-09-22,10.614285,10.620000,10.368571,10.428572,9.011738,166278000
2006-09-25,10.544286,10.837143,10.531428,10.821428,9.351221,214748100
2006-09-26,10.882857,11.111428,10.871428,11.087143,9.580836,275737000
2006-09-27,11.024285,11.067142,10.831429,10.915714,9.432699,202593300
2006-09-28,11.002857,11.068571,10.850000,11.001429,9.506768,180902400
2006-09-29,11.015715,11.074286,10.954286,10.997143,9.503066,101453100
2006-10-02,10.728572,10.838572,10.614285,10.694285,9.241351,178159800
2006-10-03,10.635715,10.707143,10.455714,10.582857,9.145061,197677200
2006-10-04,10.585714,10.780000,10.451428,10.768572,9.305547,207270700
2006-10-05,10.647142,10.880000,10.590000,10.690000,9.237648,170970800
2006-10-06,10.631429,10.720000,10.544286,10.602858,9.162347,116739700
2006-10-09,10.542857,10.725715,10.504286,10.661428,9.212959,109555600
2006-10-10,10.648571,10.654285,10.440000,10.544286,9.111732,132897100
2006-10-11,10.488571,10.568571,10.371428,10.461429,9.040131,142963800
2006-10-12,10.515715,10.770000,10.514286,10.751429,9.290734,148213800
2006-10-13,10.804286,10.982857,10.677143,10.717143,9.261104,171049200
2006-10-16,10.741428,10.840000,10.684286,10.771428,9.308017,127173200
2006-10-17,10.720000,10.752857,10.577143,10.612857,9.170987,120231300
2006-10-18,10.678572,10.767143,10.558572,10.647142,9.200614,283476900
2006-10-19,11.322857,11.421429,11.165714,11.284286,9.751193,378244300
2006-10-20,11.281428,11.427143,11.238571,11.421429,9.869705,159853400
2006-10-23,11.427143,11.700000,11.392858,11.637143,10.056110,208126800
2006-10-24,11.601429,11.668571,11.457143,11.578571,10.005498,115803100
2006-10-25,11.621428,11.714286,11.572857,11.668571,10.083271,121303700
2006-10-26,11.700000,11.800000,11.590000,11.741428,10.146233,108189200
2006-10-27,11.678572,11.778571,11.430000,11.487143,9.926497,148741600
2006-10-30,11.427143,11.557143,11.357142,11.488571,9.927726,124979400
2006-10-31,11.635715,11.668571,11.461429,11.582857,10.009202,125368600
2006-11-01,11.585714,11.625714,11.194285,11.308572,9.772183,152798100
2006-11-02,11.274285,11.331429,11.214286,11.282857,9.749961,116370800
2006-11-03,11.337143,11.361428,11.112857,11.184286,9.664781,107972200
2006-11-06,11.278571,11.437143,11.204286,11.387143,9.840077,108644200
2006-11-07,11.492857,11.571428,11.447143,11.501429,9.938838,131483100
2006-11-08,11.431429,11.812857,11.412857,11.778571,10.178325,172729200
2006-11-09,11.842857,12.098572,11.731428,11.905714,10.288195,230763400
2006-11-10,11.935715,11.942857,11.785714,11.874286,10.261038,93466100
2006-11-13,11.888572,12.064285,11.805715,12.050000,10.412880,112668500
2006-11-14,12.114285,12.142858,11.985714,12.142858,10.493119,147238700
2006-11-15,12.150000,12.271428,12.000000,12.007143,10.375845,163830800
2006-11-16,12.124286,12.328571,12.088572,12.230000,10.568424,173485200
2006-11-17,12.162857,12.277143,12.142858,12.264286,10.598052,116606000
2006-11-20,12.200000,12.428572,12.171429,12.352858,10.674593,142698500
2006-11-21,12.488571,12.657143,12.444285,12.657143,10.937533,155666700
2006-11-22,12.712857,12.964286,12.550000,12.901428,11.148633,167985300
2006-11-24,12.790000,13.297143,12.785714,13.090000,11.311584,129669400
2006-11-27,13.215714,13.308572,12.785714,12.791429,11.053575,268709000
2006-11-28,12.908571,13.138572,12.844286,13.115714,11.333805,259043400
2006-11-29,13.285714,13.307143,12.892858,13.114285,11.332567,289270800
2006-11-30,13.172857,13.240000,13.008572,13.094286,11.315289,217621600
2006-12-01,13.114285,13.190000,12.871428,13.045714,11.273316,198769900
2006-12-04,13.125714,13.150000,12.928572,13.017143,11.248627,177384200
2006-12-05,13.092857,13.190000,12.981428,13.038571,11.267145,165709600
2006-12-06,12.948571,13.055715,12.810000,12.832857,11.089377,159546100
2006-12-07,12.861428,12.928572,12.414286,12.434286,10.744955,251206900
2006-12-08,12.461429,12.770000,12.428572,12.608571,10.895564,196069300
2006-12-11,12.700000,12.757143,12.578571,12.678572,10.956053,124945100
2006-12-12,12.658571,12.691428,12.218572,12.305715,10.633853,256655000
2006-12-13,12.564285,12.724286,12.450000,12.721429,10.993089,214263000
2006-12-14,12.721429,12.857142,12.608571,12.650000,10.931363,208082700
2006-12-15,12.717143,12.745714,12.475715,12.531428,10.828902,184984800
2006-12-18,12.518572,12.571428,12.084286,12.210000,10.551140,180394200
2006-12-19,12.104285,12.382857,11.945714,12.330000,10.654836,227851400
2006-12-20,12.352858,12.381429,12.105714,12.108571,10.463495,141922900
2006-12-21,12.100000,12.211429,11.742857,11.842857,10.233880,225899800
2006-12-22,11.922857,12.005714,11.657143,11.742857,10.147465,153325900
2006-12-26,11.735714,11.795714,11.555715,11.644286,10.062286,122672200
2006-12-27,11.164286,11.714286,10.967143,11.645715,10.063521,483938700
2006-12-28,11.460000,11.607142,11.378572,11.552857,9.983278,279969200
2006-12-29,11.992857,12.200000,11.908571,12.120000,10.473372,269107300
2007-01-03,12.327143,12.368571,11.700000,11.971429,10.344985,309579900
2007-01-04,12.007143,12.278571,11.974286,12.237143,10.574598,211815100
2007-01-05,12.252857,12.314285,12.057143,12.150000,10.499294,208685400
2007-01-08,12.280000,12.361428,12.182858,12.210000,10.551140,199276700
2007-01-09,12.350000,13.282857,12.164286,13.224286,11.427628,837324600
2007-01-10,13.535714,13.971429,13.350000,13.857142,11.974502,738220000
2007-01-11,13.705714,13.825714,13.585714,13.685715,11.826364,360063200
2007-01-12,13.512857,13.580000,13.318571,13.517143,11.680694,328172600
2007-01-16,13.668571,13.892858,13.635715,13.871428,11.986848,311019100
2007-01-17,13.937143,13.942857,13.545714,13.564285,11.721433,411565000
2007-01-18,13.157143,13.158571,12.721429,12.724286,10.995556,591151400
2007-01-19,12.661428,12.807143,12.588572,12.642858,10.925194,341118400
2007-01-22,12.734285,12.737143,12.235714,12.398571,10.714090,363506500
2007-01-23,12.247143,12.501429,12.215714,12.242857,10.579535,301856100
2007-01-24,12.382857,12.450000,12.297143,12.385715,10.702983,231953400
2007-01-25,12.444285,12.642858,12.290000,12.321428,10.647429,226493400
2007-01-26,12.444285,12.481428,12.141429,12.197143,10.540031,246718500
2007-01-29,12.328571,12.378572,12.218572,12.277143,10.609161,225416100
2007-01-30,12.347143,12.355714,12.178572,12.221429,10.561016,144492600
2007-01-31,12.122857,12.285714,12.050000,12.247143,10.583235,214017300
2007-02-01,12.318571,12.324286,12.105714,12.105714,10.461022,166085500
2007-02-02,12.017143,12.178572,11.957143,12.107142,10.462261,155382500
2007-02-05,12.042857,12.175714,11.991428,11.991428,10.362267,144713100
2007-02-06,12.064285,12.067142,11.837143,12.021428,10.388190,216098400
2007-02-07,12.068571,12.340000,11.935715,12.307143,10.635086,266706300
2007-02-08,12.204286,12.358571,12.201428,12.311429,10.638788,169757700
2007-02-09,12.268572,12.314285,11.887143,11.895715,10.279554,215135200
2007-02-12,12.061429,12.168571,11.947143,12.125714,10.478307,181017900
2007-02-13,12.165714,12.184286,12.042857,12.100000,10.456087,145246500
2007-02-14,12.090000,12.234285,12.081429,12.185715,10.530156,126995400
2007-02-15,12.205714,12.231428,12.111428,12.172857,10.519044,90915300
2007-02-16,12.178572,12.201428,12.094286,12.118571,10.472136,99967000
2007-02-20,12.092857,12.308572,12.022857,12.271428,10.604224,154425600
2007-02-21,12.282857,12.784286,12.280000,12.742857,11.011603,288828400
2007-02-22,12.971429,12.972857,12.647142,12.787143,11.049871,209556200
2007-02-23,12.737143,12.905714,12.692857,12.724286,10.995556,129473400
2007-02-26,12.834286,12.857142,12.515715,12.644286,10.926424,153962200
2007-02-27,12.328571,12.440000,11.915714,11.990000,10.361031,286453300
2007-02-28,11.857142,12.228572,11.857142,12.087143,10.444975,229868800
2007-03-01,12.004286,12.615714,11.964286,12.437143,10.747427,353882200
2007-03-02,12.395715,12.505714,12.172857,12.201428,10.543736,215000100
2007-03-05,12.270000,12.664286,12.251429,12.331429,10.656072,209724900
2007-03-06,12.542857,12.615714,12.485714,12.598572,10.886923,180796700
2007-03-07,12.578571,12.710000,12.492857,12.531428,10.828902,156571100
2007-03-08,12.655714,12.674286,12.494286,12.571428,10.863467,127752800
2007-03-09,12.685715,12.692857,12.485714,12.567142,10.859761,112959000
2007-03-12,12.581429,12.855714,12.570000,12.838572,11.094318,182352100
2007-03-13,12.772857,12.942857,12.628572,12.628572,10.912846,216972700
2007-03-14,12.657143,12.857142,12.560000,12.857142,11.110363,199146500
2007-03-15,12.851429,12.908571,12.758572,12.795714,11.057280,139874700
2007-03-16,12.791429,12.855714,12.760000,12.798572,11.059751,142926000
2007-03-19,12.891429,13.078571,12.798572,13.018572,11.249859,178240300
2007-03-20,13.050000,13.120000,13.008572,13.068571,11.293067,122229100
2007-03-21,13.141429,13.428572,13.092857,13.410000,11.588109,171724000
2007-03-22,13.390000,13.480000,13.285714,13.422857,11.599219,140373100
2007-03-23,13.335714,13.438571,13.328571,13.360000,11.544903,112721000
2007-03-26,13.427143,13.700000,13.328571,13.692857,11.832538,216246800
2007-03-27,13.672857,13.832857,13.571428,13.637143,11.784391,233013200
2007-03-28,13.554286,13.628572,13.307143,13.320000,11.510335,235584300
2007-03-29,13.455714,13.455714,13.175714,13.392858,11.573297,181430900
2007-03-30,13.468572,13.525714,13.250000,13.272857,11.469598,150139500
2007-04-02,13.448571,13.464286,13.288571,13.378572,11.560948,125498100
2007-04-03,13.448571,13.604285,13.394286,13.500000,11.665882,145983600
2007-04-04,13.562857,13.591429,13.447143,13.467143,11.637489,119196000
2007-04-05,13.445714,13.525714,13.360000,13.525714,11.688103,88879000
2007-04-09,13.601429,13.614285,13.291429,13.378572,11.560948,103335400
2007-04-10,13.381429,13.465714,13.344286,13.464286,11.635020,88116700
2007-04-11,13.414286,13.421429,13.190000,13.227143,11.430095,137254600
2007-04-12,13.148571,13.187143,12.960000,13.170000,11.380713,164168900
2007-04-13,12.985714,13.057143,12.865714,12.891429,11.139992,179985400
2007-04-16,12.938571,13.071428,12.892858,13.061429,11.286892,152258400
2007-04-17,13.142858,13.185715,12.814285,12.907143,11.153569,187980100
2007-04-18,12.880000,12.978572,12.800000,12.914286,11.159741,116011000
2007-04-19,12.884286,13.035714,12.832857,12.895715,11.143695,106478400
2007-04-20,12.984285,13.025714,12.935715,12.995714,11.230110,130694900
2007-04-23,13.084286,13.400000,13.060000,13.358571,11.543666,195072500
2007-04-24,13.422857,13.770000,13.042857,13.320000,11.510335,263813200
2007-04-25,13.461429,13.628572,13.400000,13.621428,11.770813,296786000
2007-04-26,14.511429,14.642858,14.042857,14.120000,12.201648,434444500
2007-04-27,14.025714,14.278571,13.955714,14.274285,12.334972,174850900
2007-04-30,14.298572,14.428572,14.238571,14.257143,12.320158,154127400
2007-05-01,14.227143,14.335714,14.078571,14.210000,12.279417,133130900
2007-05-02,14.235714,14.362857,14.210000,14.341429,12.392994,126286300
2007-05-03,14.390000,14.492857,14.287143,14.342857,12.394227,144019400
2007-05-04,14.400000,14.514286,14.357142,14.401428,12.444843,95496800
2007-05-07,14.440000,14.907143,14.430000,14.845715,12.828765,215389300
2007-05-08,14.781428,15.021428,14.774285,15.008572,12.969499,195999300
2007-05-09,14.987143,15.280000,14.984285,15.268572,13.194173,179439400
2007-05-10,15.232857,15.548572,15.131429,15.334286,13.250959,299314400
2007-05-11,15.391429,15.590000,15.254286,15.534286,13.423789,163424100
2007-05-14,15.660000,15.714286,15.464286,15.622857,13.500327,162986600
2007-05-15,15.652857,15.742857,15.211429,15.360000,13.273181,238628600
2007-05-16,15.504286,15.547143,14.774285,15.334286,13.250959,281691900
2007-05-17,15.307143,15.695714,15.307143,15.634286,13.510205,183822800
2007-05-18,15.747143,15.805715,15.681429,15.717143,13.581802,155336300
2007-05-21,15.758572,16.064285,15.721429,15.997143,13.823759,159973100
2007-05-22,16.070000,16.250000,16.001429,16.219999,14.016338,143102400
2007-05-23,16.288572,16.428572,16.084286,16.127142,13.936097,227843700
2007-05-24,16.115715,16.351429,15.767143,15.812857,13.664512,221840500
2007-05-25,16.000000,16.254286,15.928572,16.231428,14.026216,158239900
2007-05-29,16.350000,16.408571,16.098572,16.335714,14.116334,161423500
2007-05-30,16.328571,16.982857,16.218571,16.967142,14.661975,369611200
2007-05-31,17.152857,17.452858,17.077143,17.312857,14.960720,324266600
2007-06-01,17.299999,17.312857,16.898571,16.914286,14.616300,221315500
2007-06-04,16.947144,17.389999,16.842857,17.332857,14.978004,221668300
2007-06-05,17.344286,17.527143,17.214285,17.524286,15.143427,230196400
2007-06-06,17.471428,17.721428,17.421429,17.662857,15.263167,278060300
2007-06-07,17.855715,18.230000,17.598572,17.724285,15.316252,478769900
2007-06-08,17.974285,17.975714,17.469999,17.784286,15.368105,310420600
2007-06-11,18.000000,18.021429,17.077143,17.170000,14.837276,468564600
2007-06-12,17.049999,17.387142,16.901428,17.197144,14.860726,356641600
2007-06-13,17.307142,17.312857,16.485714,16.785715,14.505197,430338300
2007-06-14,16.742857,17.064285,16.631428,16.964285,14.659503,243316500
2007-06-15,17.231428,17.238571,17.122858,17.214285,14.875542,202804700
2007-06-18,17.611429,17.882856,17.505714,17.870001,15.442174,227651200
2007-06-19,17.812857,17.858572,17.558571,17.665714,15.265638,235756500
2007-06-20,17.695715,17.808571,17.357143,17.364286,15.005163,224378000
2007-06-21,17.385714,17.755714,17.245714,17.700001,15.295268,216761300
2007-06-22,17.692858,17.778572,17.482857,17.571428,15.184164,157969000
2007-06-25,17.741428,17.870001,17.294285,17.477142,15.102687,241350900
2007-06-26,17.711428,17.714285,16.959999,17.092857,14.770614,336251300
2007-06-27,17.230000,17.434286,17.037144,17.412857,15.047132,243674200
2007-06-28,17.480000,17.498571,17.142857,17.222857,14.882950,209535900
2007-06-29,17.424286,17.714285,17.298571,17.434286,15.065653,284460400
2007-07-02,17.292856,17.441429,17.042856,17.322857,14.969361,248715600
2007-07-03,17.428572,18.200001,17.357143,18.167143,15.698942,290620400
2007-07-05,18.400000,18.995714,18.384285,18.964285,16.387787,363262900
2007-07-06,19.018572,19.048571,18.628571,18.900000,16.332235,218673700
2007-07-09,18.911428,18.985714,18.454287,18.618572,16.089039,248955000
2007-07-10,18.411428,19.214285,18.401428,18.907143,16.338404,313751900
2007-07-11,18.867144,19.100000,18.758572,18.912857,16.343338,205443000
2007-07-12,19.121429,19.177143,18.912857,19.152857,16.550734,176152200
2007-07-13,19.290001,19.692858,19.217142,19.675714,17.002552,226901500
2007-07-16,19.770000,19.997143,19.642857,19.728571,17.048231,234028200
2007-07-17,19.757143,19.942858,19.642857,19.844286,17.148230,177489900
2007-07-18,19.741428,19.777143,19.434286,19.731428,17.050707,189214200
2007-07-19,20.042856,20.115715,19.950001,20.000000,17.282789,183222900
2007-07-20,20.235714,20.597143,20.000000,20.535715,17.745718,291943400
2007-07-23,20.472857,20.745714,20.132856,20.528572,17.739546,259122500
2007-07-24,19.840000,20.142857,19.164286,19.270000,16.651960,448823200
2007-07-25,19.621429,19.765715,19.285715,19.608572,16.944542,374045700
2007-07-26,20.844286,21.214285,19.565714,20.857143,18.023476,546657300
2007-07-27,20.884285,21.274286,20.540001,20.549999,17.758062,290274600
2007-07-30,20.618572,20.778572,19.938572,20.204287,17.459320,276747100
2007-07-31,20.424286,20.497143,18.788572,18.822857,16.265579,440598200
2007-08-01,19.091429,19.340000,18.252857,19.285715,16.665546,437539200
2007-08-02,19.521429,19.565714,19.164286,19.498571,16.849482,213161200
2007-08-03,19.322857,19.421429,18.785715,18.835714,16.276682,169796900
2007-08-06,18.985714,19.324286,18.328571,19.321428,16.696409,231292600
2007-08-07,19.277143,19.605715,18.947144,19.290001,16.669249,237484100
2007-08-08,19.537144,19.551428,18.857143,19.144285,16.543335,202024200
2007-08-09,18.730000,19.000000,17.870001,18.055714,15.602654,281348900
2007-08-10,17.588572,18.250000,17.185715,17.857143,15.431063,352687300
2007-08-13,18.331429,18.478571,18.071428,18.255714,15.775479,188227900
2007-08-14,18.327143,18.328571,17.672857,17.718571,15.311312,184751700
2007-08-15,17.534286,17.837143,17.092857,17.128571,14.801472,248213000
2007-08-16,16.715714,16.928572,15.945714,16.721428,14.449641,466672500
2007-08-17,17.430000,17.642857,17.117144,17.437143,15.068118,298765600
2007-08-20,17.708570,17.785715,17.214285,17.459999,15.087870,200829300
2007-08-21,17.458570,18.422857,17.285715,18.224285,15.748320,325761800
2007-08-22,18.745714,18.964285,18.618572,18.930000,16.358158,265441400
2007-08-23,19.012857,19.048571,18.537144,18.724285,16.180387,216709500
2007-08-24,18.647142,19.338572,18.544285,19.328571,16.702579,227958500
2007-08-27,19.055714,19.237143,18.871429,18.892857,16.326063,176859900
2007-08-28,18.712856,18.915714,18.090000,18.117144,15.655738,294841400
2007-08-29,18.554285,19.168571,18.505714,19.154285,16.551973,291715200
2007-08-30,18.952858,19.750000,18.900000,19.464285,16.819860,358895600
2007-08-31,19.927143,19.950001,19.629999,19.782858,17.095144,219221800
2007-09-04,19.991428,20.818571,19.977142,20.594286,17.796329,329210700
2007-09-05,20.709999,20.834286,19.442858,19.537144,16.882816,582055600
2007-09-06,19.365715,19.652857,18.958570,19.287144,16.666777,475315400
2007-09-07,18.858572,18.900000,18.571428,18.824286,16.266806,357644000
2007-09-10,19.570000,19.719999,19.135714,19.530001,16.876644,371959700
2007-09-11,19.700001,19.757143,19.107143,19.355715,16.726036,242971400
2007-09-12,19.427143,19.914286,19.392857,19.549999,16.893923,255692500
2007-09-13,19.832857,19.857143,19.521429,19.600000,16.937134,164040800
2007-09-14,19.510000,19.854286,19.457144,19.830000,17.135885,151830000
2007-09-17,19.855715,20.084286,19.657143,19.772858,17.086506,198342900
2007-09-18,19.865715,20.407143,19.690001,20.131428,17.396362,266022400
2007-09-19,20.431429,20.451429,19.914286,20.110001,17.377844,256720100
2007-09-20,20.021429,20.255714,19.902857,20.044285,17.321060,172960200
2007-09-21,20.162857,20.664286,20.044285,20.592857,17.795092,284720100
2007-09-24,20.961428,21.407143,20.950001,21.182858,18.304937,263040400
2007-09-25,20.977142,21.888571,20.974285,21.882856,18.909838,298137700
2007-09-26,22.067142,22.142857,21.607143,21.824286,18.859224,243817000
2007-09-27,21.967142,22.074286,21.760000,22.071428,19.072788,164549700
2007-09-28,21.920000,22.085714,21.821428,21.924286,18.945639,153775300
2007-10-01,22.090000,22.487143,21.847143,22.334286,19.299936,209267100
2007-10-02,22.364286,22.655714,22.270000,22.635714,19.560411,198017400
2007-10-03,22.540001,22.740000,22.430000,22.559999,19.494984,173129600
2007-10-04,22.571428,22.582857,21.928572,22.320000,19.287590,164239600
2007-10-05,22.624287,23.082857,22.528572,23.064285,19.930756,235867800
2007-10-08,23.355715,23.987143,23.281429,23.987143,20.728237,208982200
2007-10-09,24.314285,24.444286,23.811428,23.980000,20.722061,276071600
2007-10-10,23.935715,23.982857,23.657143,23.827143,20.589972,166897500
2007-10-11,24.212856,24.554285,21.887142,23.175714,20.027048,410998000
2007-10-12,23.287144,23.897142,23.114286,23.892857,20.646757,247044000
2007-10-15,23.997143,24.224285,23.357143,23.854286,20.613426,269482500
2007-10-16,23.648571,24.311428,23.592857,24.225714,20.934389,266957600
2007-10-17,24.670000,24.719999,24.168571,24.678572,21.325726,281903300
2007-10-18,24.500000,24.884285,24.435715,24.785715,21.418316,205919000
2007-10-19,24.891428,24.947144,24.285715,24.345715,21.038088,322945000
2007-10-22,24.335714,24.985714,24.280001,24.908571,21.524481,412374900
2007-10-23,26.937143,26.942858,26.108572,26.594286,22.981171,448791000
2007-10-24,26.544285,26.744286,25.605715,26.561428,22.952776,322120400
2007-10-25,26.410000,26.557142,25.951429,26.111429,22.563917,243400500
2007-10-26,26.469999,26.481428,26.125713,26.385714,22.800936,176719200
2007-10-29,26.492857,26.655714,26.385714,26.441429,22.849083,135138500
2007-10-30,26.597143,27.052856,26.389999,26.714285,23.084867,234853500
2007-10-31,26.804285,27.160000,26.421429,27.135714,23.449039,208327700
2007-11-01,26.942858,27.157143,25.714285,26.777143,23.139189,201259100
2007-11-02,27.030001,27.062857,26.212856,26.838572,23.192265,250528600
2007-11-05,26.469999,26.994286,26.320000,26.597143,22.983637,201044200
2007-11-06,26.721428,27.428572,26.467142,27.398571,23.676182,238681800
2007-11-07,27.230000,27.525715,26.590000,26.614286,22.998447,248581900
2007-11-08,26.667143,26.700001,23.967142,25.067142,21.661509,472594500
2007-11-09,24.450001,25.017143,23.601429,23.624287,20.414671,381595200
2007-11-12,23.611429,23.957144,21.518572,21.965714,18.981438,442266300
2007-11-13,22.978571,24.425714,21.965714,24.280001,20.981308,434861700
2007-11-14,25.308571,25.367144,23.391428,23.730000,20.506025,362292000
2007-11-15,23.770000,24.227142,22.900000,23.471428,20.282585,371852600
2007-11-16,23.614286,23.860001,22.761429,23.770000,20.540596,345873500
2007-11-19,23.728571,24.028572,23.157143,23.421429,20.239376,288607200
2007-11-20,23.667143,24.541430,23.361429,24.121429,20.844276,385910700
2007-11-21,23.691429,24.621429,23.524286,24.065714,20.796131,304452400
2007-11-23,24.571428,24.578571,24.250000,24.505714,21.176355,116439400
2007-11-26,24.798571,25.324286,24.621429,24.648571,21.299803,326438700
2007-11-27,25.031429,25.112858,24.287144,24.972857,21.580025,329257600
2007-11-28,25.260000,25.799999,25.049999,25.745714,22.247889,287728000
2007-11-29,25.632856,26.452858,25.592857,26.327143,22.750322,262731700
2007-11-30,26.762857,26.814285,25.671429,26.031429,22.494781,296950500
2007-12-03,25.980000,26.305714,25.385714,25.551428,22.079992,240367400
2007-12-04,25.307142,25.842857,25.284286,25.687143,22.197273,193449900
2007-12-05,26.127142,26.571428,26.058571,26.500000,22.899694,223100500
2007-12-06,26.598572,27.157143,26.588572,27.135714,23.449039,224952700
2007-12-07,27.219999,27.855715,26.862858,27.757143,23.986044,266516600
2007-12-10,27.655714,27.951429,27.527143,27.744286,23.974930,180594400
2007-12-11,27.821428,28.118572,26.770000,26.934286,23.274979,277731300
2007-12-12,27.634285,27.782858,26.537144,27.265715,23.561378,306415200
2007-12-13,27.170000,27.445715,26.831429,27.404285,23.681122,216154400
2007-12-14,27.195715,27.600000,27.077143,27.198572,23.503357,168578200
2007-12-17,27.245714,27.521429,26.139999,26.342857,22.763899,256173400
2007-12-18,26.645714,26.761429,25.514286,26.139999,22.588604,305650800
2007-12-19,26.139999,26.377142,25.842857,26.160000,22.605883,206869600
2007-12-20,26.490000,26.832857,26.190001,26.744286,23.110792,193514300
2007-12-21,27.160000,27.701429,27.127142,27.701429,23.937895,248490200
2007-12-24,27.861429,28.475714,27.827143,28.400000,24.541553,120050700
2007-12-26,28.430000,28.708570,28.117144,28.421429,24.560076,175933100
2007-12-27,28.421429,28.994286,28.257143,28.367144,24.513166,198881900
2007-12-28,28.655714,28.794285,28.125713,28.547142,24.668715,174911800
2007-12-31,28.500000,28.642857,28.250000,28.297142,24.452677,134833300
2008-01-02,28.467142,28.608572,27.507143,27.834286,24.052704,269794700
2008-01-03,27.915714,28.198572,27.527143,27.847143,24.063807,210516600
2008-01-04,27.350000,27.571428,25.555714,25.721428,22.226898,363958000
2008-01-07,25.892857,26.228571,24.318571,25.377142,21.929386,518048300
2008-01-08,25.734285,26.065714,24.400000,24.464285,21.140549,380954000
2008-01-09,24.471428,25.642857,24.042856,25.628571,22.146652,453470500
2008-01-10,25.368572,25.857143,25.058571,25.431429,21.976295,370743800
2008-01-11,25.142857,25.407143,24.285715,24.670000,21.318316,308071400
2008-01-14,25.360001,25.631428,25.024286,25.540001,22.070118,275112600
2008-01-15,25.388571,25.602858,23.522858,24.148571,20.867727,585819500
2008-01-16,23.604286,24.144285,22.385714,22.805714,19.707315,553461300
2008-01-17,23.072857,23.622858,22.631428,22.984285,19.861624,439464900
2008-01-18,23.101429,23.678572,22.801428,23.051428,19.919641,431085900
2008-01-22,21.151428,22.854286,20.857143,22.234285,19.213522,608688500
2008-01-23,19.455715,20.000000,18.020000,19.867144,17.167978,843242400
2008-01-24,19.998571,20.100000,18.858572,19.371429,16.739616,501466700
2008-01-25,19.855715,19.870001,18.515715,18.572857,16.049536,388684800
2008-01-28,18.308571,19.028572,18.064285,18.572857,16.049536,368711000
2008-01-29,18.735714,18.969999,18.435715,18.791430,16.238411,274995700
2008-01-30,18.767143,19.350000,18.571428,18.882856,16.317427,310762900
2008-01-31,18.492857,19.521429,18.485714,19.337143,16.709982,336418600
2008-02-01,19.462856,19.512857,18.882856,19.107143,16.511240,252686000
2008-02-04,19.172857,19.414286,18.774286,18.807142,16.251991,224808500
2008-02-05,18.632856,19.142857,18.414286,18.480000,15.969291,285260500
2008-02-06,18.690001,18.845715,17.395714,17.428572,15.060714,393318100
2008-02-07,17.138571,17.825714,16.752857,17.320000,14.966894,520832900
2008-02-08,17.440001,17.957144,17.371429,17.925714,15.490315,338993200
2008-02-11,18.287144,18.568571,18.171429,18.492857,15.980409,300358100
2008-02-12,18.671429,18.714285,17.660000,17.837143,15.413774,306495000
2008-02-13,18.097143,18.540001,17.947144,18.485714,15.974231,242133500
2008-02-14,18.485714,18.685715,18.144285,18.208570,15.734742,238524300
2008-02-15,18.038572,18.154285,17.722857,17.804285,15.385384,225325100
2008-02-19,17.998571,18.107143,17.348572,17.454287,15.082932,251261500
2008-02-20,17.457144,17.799999,17.382856,17.688572,15.285394,241859800
2008-02-21,18.007143,18.067142,17.265715,17.362858,15.003929,234528700
2008-02-22,17.497143,17.501429,16.552856,17.065714,14.747157,382469500
2008-02-25,16.941429,17.167143,16.665714,17.105715,14.781722,314193600
2008-02-26,16.805714,17.298571,16.491428,17.021429,14.708885,376222000
2008-02-27,16.889999,17.578571,16.870001,17.565714,15.179226,368784500
2008-02-28,18.171429,18.885714,17.967142,18.558571,16.037186,404563600
2008-02-29,18.469999,18.601429,17.828571,17.860001,15.433529,313870200
2008-03-03,17.777143,17.997143,16.857143,17.389999,15.027387,398260800
2008-03-04,17.427143,17.840000,17.200001,17.802856,15.384146,446345900
2008-03-05,17.654285,17.877142,17.464285,17.784286,15.368105,305459000
2008-03-06,17.801428,18.214285,17.258572,17.275715,14.928627,368424700
2008-03-07,17.201429,17.568571,17.007143,17.464285,15.091578,307615700
2008-03-10,17.425714,17.637142,17.052856,17.098572,14.775543,249897200
2008-03-11,17.728571,18.211428,17.428572,18.192858,15.721166,290985800
2008-03-12,18.148571,18.382856,17.881428,18.004286,15.558212,264907300
2008-03-13,17.728571,18.500000,17.571428,18.277143,15.793999,315525700
2008-03-14,18.554285,18.614286,17.742857,18.087143,15.629812,289160200
2008-03-17,17.507143,18.370001,17.507143,18.104286,15.644628,268149700
2008-03-18,18.454287,19.000000,18.381428,18.974285,16.396420,301280000
2008-03-19,19.017143,19.184286,18.524286,18.524286,16.007563,252634200
2008-03-20,18.731428,19.041430,18.454287,19.038572,16.451975,227196900
2008-03-24,19.144285,20.121429,19.091429,19.932858,17.224771,266730100
2008-03-25,19.994286,20.442858,19.618572,20.139999,17.403767,263097800
2008-03-26,20.124287,20.820000,20.091429,20.722857,17.907436,295521100
2008-03-27,20.707144,20.758572,19.998571,20.035715,17.313650,249957400
2008-03-28,20.257143,20.664286,20.228571,20.430000,17.654367,178652600
2008-03-31,20.467142,20.815714,20.360001,20.500000,17.714857,192016300
2008-04-01,20.900000,21.379999,20.515715,21.361429,18.459249,258141800
2008-04-02,21.254286,21.600000,20.835714,21.070000,18.207418,261242100
2008-04-03,21.008572,21.947144,21.000000,21.658571,18.716030,262892000
2008-04-04,21.741428,22.101429,21.535715,21.868572,18.897493,213604300
2008-04-07,22.304285,22.812857,22.158571,22.270000,19.244381,289581600
2008-04-08,21.935715,22.350000,21.760000,21.834286,18.867867,253573600
2008-04-09,21.901428,21.984285,21.494286,21.634285,18.695036,218349600
2008-04-10,21.590000,22.202858,21.514286,22.078571,19.078955,238940800
2008-04-11,21.817142,21.900000,20.914286,21.020000,18.164209,302519000
2008-04-14,20.967142,21.321428,20.648571,21.111429,18.243216,211271900
2008-04-15,21.342857,21.388571,20.817142,21.197144,18.317282,174509300
2008-04-16,21.674286,22.014286,21.517143,21.957144,18.974033,198943500
2008-04-17,22.024286,22.285715,21.907143,22.070000,19.071554,176066800
2008-04-18,22.731428,23.180000,22.625713,23.005714,19.880138,256691400
2008-04-21,23.172857,24.071428,23.108572,24.022858,20.759096,259788200
2008-04-22,23.914286,24.000000,22.584286,22.885714,19.776449,359893100
2008-04-23,23.435715,23.548571,23.011429,23.270000,20.108519,376047700
2008-04-24,23.620001,24.282858,22.741428,24.134285,20.855383,424016600
2008-04-25,24.385714,24.442858,23.774286,24.247143,20.952911,248118500
2008-04-28,24.250000,24.821428,24.161428,24.605715,21.262764,196803600
2008-04-29,24.444286,25.094286,24.321428,25.007143,21.609653,230869100
2008-04-30,25.170000,25.714285,24.702858,24.850000,21.473862,284881100
2008-05-01,24.994286,25.714285,24.980000,25.714285,22.220726,225894200
2008-05-02,25.741428,25.988571,25.507143,25.848572,22.336769,251520500
2008-05-05,25.988571,26.472857,25.864286,26.389999,22.804636,213639300
2008-05-06,26.379999,26.731428,26.025715,26.665714,23.042889,229717600
2008-05-07,26.578571,26.885714,25.791430,26.084286,22.540459,289283400
2008-05-08,26.252857,26.642857,26.152857,26.437143,22.845373,224771400
2008-05-09,26.165714,26.321428,25.910000,26.207144,22.646618,168268100
2008-05-12,26.458570,26.981428,26.121429,26.879999,23.228067,204640800
2008-05-13,26.944286,27.350000,26.837143,27.137142,23.450272,205809100
2008-05-14,27.318571,27.462856,26.510000,26.608572,22.993513,229205900
2008-05-15,26.687143,27.128571,26.314285,27.104286,23.421885,218302000
2008-05-16,27.158571,27.185715,26.714285,26.802856,23.161402,191442300
2008-05-19,26.837143,26.955715,25.900000,26.228571,22.665134,236455100
2008-05-20,25.974285,26.594286,25.731428,26.557142,22.949072,242462500
2008-05-21,26.524286,26.850000,25.178572,25.455715,21.997280,289414300
2008-05-22,25.608572,25.904285,24.571428,25.292856,21.856554,301683900
2008-05-23,25.824286,25.998571,25.400000,25.881428,22.365160,226729300
2008-05-27,26.107143,26.632856,25.977142,26.632856,23.014498,197476300
2008-05-28,26.772858,26.850000,26.245714,26.715714,23.086092,185994900
2008-05-29,26.680000,26.885714,26.500000,26.670000,23.046591,161796600
2008-05-30,26.778572,27.077143,26.768572,26.964285,23.300901,152546100
2008-06-02,26.942858,27.092857,26.361429,26.585714,22.973766,169960000
2008-06-03,26.694286,26.885714,26.048571,26.481428,22.883642,187630100
2008-06-04,26.288572,26.727142,26.175714,26.455715,22.861427,181745900
2008-06-05,26.620001,27.120001,26.528572,27.061428,23.384844,188861400
2008-06-06,26.857143,27.135714,26.507143,26.520000,22.916977,241605700
2008-06-09,26.398571,26.420000,25.107143,25.944286,22.419477,472098200
2008-06-10,25.787144,26.682858,25.574286,26.520000,22.916977,285235300
2008-06-11,26.334286,26.571428,25.655714,25.830000,22.320717,240387700
2008-06-12,25.927143,26.085714,24.457144,24.751429,21.388685,327083400
2008-06-13,24.520000,24.879999,23.615715,24.624287,21.278811,336489300
2008-06-16,24.471428,25.414286,24.152857,25.262857,21.830627,262932600
2008-06-17,25.442858,25.998571,25.344286,25.918571,22.397259,224914200
2008-06-18,25.874287,26.028572,25.335714,25.535715,22.066410,202867000
2008-06-19,25.507143,26.048571,25.257143,25.842857,22.331831,197987300
2008-06-20,25.621429,25.857143,25.000000,25.038572,21.636816,222091800
2008-06-23,24.962856,25.125713,24.508572,24.737143,21.376341,161445200
2008-06-24,24.624287,25.111429,24.518572,24.750000,21.387447,155486800
2008-06-25,24.944286,25.547142,24.840000,25.341429,21.898529,161112700
2008-06-26,24.867144,24.977142,24.001429,24.037144,20.771442,217402500
2008-06-27,23.787144,24.367144,23.450001,24.298571,20.997355,260562400
2008-06-30,24.312857,24.571428,23.802856,23.920000,20.670216,171049200
2008-07-01,23.461428,24.959999,23.428572,24.954287,21.563978,277820200
2008-07-02,25.028572,25.350000,24.025715,24.025715,20.761564,209379800
2008-07-03,24.227142,24.595715,23.678572,24.302856,21.001049,130840500
2008-07-07,24.737143,25.304285,24.557142,25.022858,21.623228,205097900
2008-07-08,25.057142,25.671429,24.677143,25.650000,22.165176,222087600
2008-07-09,25.742857,25.844286,24.877142,24.892857,21.510897,223944000
2008-07-10,24.988571,25.334286,24.481428,25.232857,21.804705,210172200
2008-07-11,25.067142,25.301428,24.428572,24.654285,21.304739,232502900
2008-07-14,25.605715,25.614286,24.725714,24.840000,21.465219,221513600
2008-07-15,24.639999,24.820000,23.770000,24.234285,20.941795,260010800
2008-07-16,24.314285,24.704287,24.085714,24.687143,21.333132,186947600
2008-07-17,24.871429,24.997143,24.484285,24.544285,21.209681,189381500
2008-07-18,24.074286,24.235714,23.571428,23.592857,20.387510,217103600
2008-07-21,23.842857,23.928572,23.017143,23.755714,20.528252,340117400
2008-07-22,21.285715,23.251429,20.932858,23.145714,20.001127,469898100
2008-07-23,23.570000,24.052856,23.080000,23.751429,20.524546,265442100
2008-07-24,23.474285,23.608572,22.635714,22.718571,19.632013,209904800
2008-07-25,22.914286,23.285715,22.664286,23.160000,20.013464,158409300
2008-07-28,23.191429,23.209999,22.002857,22.057142,19.060450,195178200
2008-07-29,22.201429,22.778572,21.950001,22.440001,19.391287,171017700
2008-07-30,22.540001,22.927143,22.297142,22.840000,19.736942,181295800
2008-07-31,22.505714,23.171429,22.425714,22.707144,19.622137,159374600
2008-08-01,22.842857,22.855715,22.250000,22.379999,19.339437,136159800
2008-08-04,22.371429,22.557142,21.844286,21.889999,18.916006,148131900
2008-08-05,22.202858,22.971428,22.117144,22.948572,19.830757,172092900
2008-08-06,22.852858,23.914286,22.571428,23.455715,20.269011,197852200
2008-08-07,23.244286,23.735714,23.071428,23.367144,20.192471,168093100
2008-08-08,23.408571,24.235714,23.392857,24.221428,20.930687,178499300
2008-08-11,24.295713,25.214285,24.238571,24.794285,21.425716,222826100
2008-08-12,24.788572,25.612858,24.787144,25.247143,21.817051,209069700
2008-08-13,25.425714,25.714285,25.128571,25.614286,22.134314,210586600
2008-08-14,25.475714,25.778572,25.405714,25.617144,22.136782,177825200
2008-08-15,25.577143,25.678572,25.007143,25.105715,21.694838,177062900
2008-08-18,25.081429,25.401428,24.831429,25.055714,21.651630,138003600
2008-08-19,24.934286,25.295713,24.544285,24.790001,21.422014,154051100
2008-08-20,24.967142,25.277143,24.801428,25.120001,21.707180,126737800
2008-08-21,24.924286,25.064285,24.555714,24.898571,21.515831,134936200
2008-08-22,25.117144,25.357143,25.081429,25.255714,21.824455,109902800
2008-08-25,25.164286,25.175714,24.522858,24.650000,21.301035,121106300
2008-08-26,24.680000,24.982857,24.658571,24.805714,21.435602,111387500
2008-08-27,24.758572,25.108572,24.598572,24.952858,21.562748,119445200
2008-08-28,25.040001,25.178572,24.678572,24.820000,21.447937,107846200
2008-08-29,24.708570,24.785715,24.148571,24.218571,20.928223,149822400
2008-09-02,24.628571,24.785715,23.571428,23.741428,20.515902,195190800
2008-09-03,23.834286,24.097143,23.428572,23.851429,20.610958,183708700
2008-09-04,23.694286,23.987143,22.972857,23.031429,19.902363,185846500
2008-09-05,22.655714,23.200001,22.521429,22.882856,19.773973,196721000
2008-09-08,23.510000,23.555714,21.637142,22.559999,19.494984,261494800
2008-09-09,22.408571,22.851429,21.398571,21.668571,18.724663,311256400
2008-09-10,21.760000,22.141428,21.257143,21.658571,18.716030,243285700
2008-09-11,21.168571,21.855715,20.857143,21.807142,18.844408,242783800
2008-09-12,21.558571,21.558571,20.928572,21.277143,18.386414,198256800
2008-09-15,20.290001,21.098572,20.051428,20.051428,17.327225,230158600
2008-09-16,19.122858,20.357143,18.878571,19.982857,17.267975,299959100
2008-09-17,19.784286,19.787144,18.261429,18.261429,15.780422,300113800
2008-09-18,18.652857,19.347143,17.240000,19.155714,16.553200,419063400
2008-09-19,20.371429,20.600000,19.472857,20.129999,17.395126,357718900
2008-09-22,19.991428,20.035715,18.665714,18.721428,16.177923,214178300
2008-09-23,18.835714,19.400000,18.094286,18.120001,15.658205,320091100
2008-09-24,18.181429,18.707144,17.878571,18.387142,15.889055,261753800
2008-09-25,18.542856,19.255714,18.360001,18.847143,16.286556,251511400
2008-09-26,17.844286,18.542856,17.571428,18.320000,15.831036,281612800
2008-09-29,17.088572,17.097143,14.370000,15.037143,12.994185,655514300
2008-09-30,15.464286,16.428572,15.185715,16.237143,14.031152,406670600
2008-10-01,15.988571,16.051428,15.341429,15.588572,13.470698,324121000
2008-10-02,15.430000,15.541429,14.285714,14.300000,12.357192,402341100
2008-10-03,14.857142,15.214286,13.521428,13.867143,11.983142,573599600
2008-10-06,13.137143,14.111428,12.505714,14.020000,12.115232,526854300
2008-10-07,14.354285,14.500000,12.707143,12.737143,11.006669,469693000
2008-10-08,12.272857,13.761429,12.240000,12.827143,11.084438,551935300
2008-10-09,13.335714,13.685715,12.371428,12.677143,10.954818,404345900
2008-10-10,12.242857,14.285714,12.142858,13.828571,11.949816,554824900
2008-10-13,14.935715,15.790000,14.431429,15.751429,13.611426,384769000
2008-10-14,16.608572,16.628571,14.734285,14.868571,12.848517,495248600
2008-10-15,14.834286,15.285714,13.984285,13.992857,12.091775,396043900
2008-10-16,14.252857,14.775714,13.105714,14.555715,12.578165,495130300
2008-10-17,14.228572,14.577143,12.270000,13.914286,12.023882,440556900
2008-10-20,14.254286,14.290000,13.377143,14.062857,12.152266,387292500
2008-10-21,13.850000,13.985714,13.022857,13.070000,11.294302,548415000
2008-10-22,13.910000,14.464286,13.275714,13.838572,11.958458,562202200
2008-10-23,13.787143,14.178572,13.128572,14.032857,12.126346,418857600
2008-10-24,12.904285,13.985714,12.872857,13.768572,11.897964,397514600
2008-10-27,13.581429,13.947143,13.122857,13.155714,11.368367,302192800
2008-10-28,13.632857,14.357142,13.195714,14.272857,12.333736,408533300
2008-10-29,14.408571,15.648571,14.277143,14.935715,12.906539,487744600
2008-10-30,15.461429,16.027143,15.372857,15.862857,13.707716,409522400
2008-10-31,15.342857,15.825714,15.020000,15.370000,13.281820,414939000
2008-11-03,15.132857,15.585714,14.980000,15.280000,13.204049,264484500
2008-11-04,15.712857,15.970000,15.238571,15.855714,13.701546,349670300
2008-11-05,15.558572,15.674286,14.712857,14.757143,12.752227,314113800
2008-11-06,14.435715,14.682858,14.000000,14.157143,12.233745,329768600
2008-11-07,14.177143,14.264286,13.674286,14.034286,12.127581,273813400
2008-11-10,14.310000,14.342857,13.500000,13.697143,11.836241,280955500
2008-11-11,13.544286,13.881429,13.180000,13.538571,11.699210,306134500
2008-11-12,13.204286,13.320000,12.858571,12.874286,11.125177,294744100
2008-11-13,12.838572,13.777143,12.288571,13.777143,11.905371,463521800
2008-11-14,13.394286,13.427143,12.857142,12.891429,11.139992,351316700
2008-11-17,12.640000,12.935715,12.465714,12.591429,10.880750,290631600
2008-11-18,12.805715,12.998571,12.408571,12.844286,11.099251,302423800
2008-11-19,12.777143,13.082857,12.315714,12.327143,10.652369,292975200
2008-11-20,12.177143,12.350000,11.428572,11.498571,9.936368,429203600
2008-11-21,11.704286,12.017143,11.305715,11.797143,10.194375,392317800
2008-11-24,12.172857,13.541429,12.120000,13.278571,11.474536,360564400
2008-11-25,13.518572,13.530000,12.594286,12.971429,11.209123,308823200
2008-11-26,12.845715,13.607142,12.835714,13.571428,11.727606,224959000
2008-11-28,13.528571,13.537143,13.122857,13.238571,11.439973,74443600
2008-12-01,13.042857,13.181429,12.702857,12.704286,10.978272,230941900
2008-12-02,12.861428,13.235714,12.357142,13.210000,11.415281,287180600
2008-12-03,12.771428,13.747143,12.685715,13.700000,11.838713,334670000
2008-12-04,13.490000,13.601429,12.722857,13.058572,11.284427,272842500
2008-12-05,12.907143,13.498571,12.694285,13.428572,11.604157,260948800
2008-12-08,13.897142,14.400000,13.685715,14.245714,12.310281,296285500
2008-12-09,14.005714,14.800000,13.887143,14.294286,12.352257,300874000
2008-12-10,13.981428,14.212857,13.785714,14.030000,12.123876,234511900
2008-12-11,13.907143,14.462857,13.547143,13.571428,11.727606,260154300
2008-12-12,13.257143,14.142858,13.218572,14.038571,12.131280,260293600
2008-12-15,13.712857,13.744286,13.285714,13.535714,11.696745,222939500
2008-12-16,13.425714,13.782857,13.250000,13.632857,11.780689,273376600
2008-12-17,13.004286,13.014286,12.574286,12.737143,11.006669,323465100
2008-12-18,12.758572,12.975715,12.634286,12.775714,11.039996,214354000
2008-12-19,12.848572,12.991428,12.685715,12.857142,11.110363,200480000
2008-12-22,12.860000,12.861428,12.098572,12.248571,10.584476,211185100
2008-12-23,12.410000,12.552857,12.271428,12.340000,10.663483,158757900
2008-12-24,12.305715,12.321428,12.078571,12.148571,10.498060,67833500
2008-12-26,12.377143,12.488571,12.177143,12.258572,10.593113,77081200
2008-12-29,12.360000,12.517143,12.152857,12.372857,10.691874,171500000
2008-12-30,12.488571,12.578571,12.102858,12.327143,10.652369,241900400
2008-12-31,12.281428,12.534286,12.191428,12.192857,10.536327,151885300
2009-01-02,12.268572,13.005714,12.165714,12.964286,11.202949,186503800
2009-01-05,13.310000,13.740000,13.244286,13.511429,11.675756,295402100
2009-01-06,13.707143,13.881429,13.198571,13.288571,11.483178,322327600
2009-01-07,13.115714,13.214286,12.894286,13.001429,11.235046,188262200
2009-01-08,12.918571,13.307143,12.862857,13.242857,11.443671,168375200
2009-01-09,13.315714,13.340000,12.877143,12.940000,11.181963,136711400
2009-01-12,12.922857,12.998571,12.507143,12.665714,10.944944,154429100
2009-01-13,12.605714,12.820000,12.335714,12.530000,10.827666,199599400
2009-01-14,12.320000,12.464286,12.102858,12.190000,10.533859,255416000
2009-01-15,11.510000,12.017143,11.435715,11.911428,10.293134,457908500
2009-01-16,12.042857,12.054286,11.485714,11.761429,10.163512,261906400
2009-01-20,11.704286,11.714286,11.171429,11.171429,9.653670,229978700
2009-01-21,11.341429,11.840000,11.330000,11.832857,10.225236,272317500
2009-01-22,12.577143,12.857142,12.260000,12.622857,10.907907,352382100
2009-01-23,12.402857,12.838572,12.357142,12.622857,10.907907,190942500
2009-01-26,12.694285,12.995714,12.614285,12.805715,11.065921,173059600
2009-01-27,12.884286,13.078571,12.820000,12.961429,11.200479,154509600
2009-01-28,13.160000,13.571428,13.071428,13.457143,11.628847,215351500
2009-01-29,13.298572,13.477143,13.228572,13.285714,11.480710,148182300
2009-01-30,13.228572,13.374286,12.858571,12.875714,11.126412,162869700
2009-02-02,12.728572,13.142858,12.700000,13.072857,11.296767,139561800
2009-02-03,13.131429,13.340000,12.897142,13.282857,11.478240,149827300
2009-02-04,13.317142,13.750000,13.300000,13.364285,11.548605,202105400
2009-02-05,13.252857,13.892858,13.231428,13.780000,11.907839,187311600
2009-02-06,13.860000,14.285714,13.857142,14.245714,12.310281,171802400
2009-02-09,14.285714,14.714286,14.214286,14.644286,12.654704,178752700
2009-02-10,14.475715,14.644286,13.865714,13.975715,12.076963,212265200
2009-02-11,13.767143,14.044286,13.681429,13.831429,11.952280,168743400
2009-02-12,13.690000,14.250000,13.690000,14.181429,12.254731,204297100
2009-02-13,14.141429,14.277143,14.017143,14.165714,12.241152,152244400
2009-02-17,13.838572,13.862857,13.468572,13.504286,11.669585,169559600
2009-02-18,13.578571,13.692857,13.245714,13.481428,11.649834,171194800
2009-02-19,13.338572,13.464286,12.872857,12.948571,11.189368,230701100
2009-02-20,12.771428,13.200000,12.714286,13.028571,11.258502,187579000
2009-02-23,13.092857,13.142858,12.358571,12.421429,10.733847,196745500
2009-02-24,12.492857,12.984285,12.428572,12.892858,11.141224,201776400
2009-02-25,12.837143,13.274285,12.750000,13.022857,11.253560,208263300
2009-02-26,13.142858,13.274285,12.708571,12.741428,11.010370,157467100
2009-02-27,12.561429,13.042857,12.524285,12.758572,11.025180,176664600
2009-03-02,12.588572,13.028571,12.524285,12.562857,10.856058,192732400
2009-03-03,12.704286,12.962857,12.554286,12.624286,10.909142,181085100
2009-03-04,12.882857,13.252857,12.778571,13.024285,11.254799,185350900
2009-03-05,12.922857,13.124286,12.635715,12.691428,10.967162,176724800
2009-03-06,12.620000,12.628572,11.761429,12.185715,10.530156,252786800
2009-03-09,12.025714,12.514286,11.795714,11.872857,10.259804,174574400
2009-03-10,12.124286,12.738571,12.051429,12.661428,10.941238,211064700
2009-03-11,12.830000,13.438571,12.797143,13.240000,11.441206,211593200
2009-03-12,13.271428,13.797143,13.142858,13.764286,11.894262,192114300
2009-03-13,13.757143,13.885715,13.572857,13.704286,11.842414,150292100
2009-03-16,13.790000,13.912857,13.454286,13.631429,11.779453,199311000
2009-03-17,13.605714,14.241428,13.581429,14.237143,12.302876,196661500
2009-03-18,14.272857,14.782857,14.245714,14.502857,12.532490,199009300
2009-03-19,14.550000,14.742857,14.321428,14.517143,12.544833,125045200
2009-03-20,14.584286,14.730000,14.367143,14.512857,12.541130,173896800
2009-03-23,14.672857,15.451428,14.535714,15.380000,13.290463,166599300
2009-03-24,15.194285,15.634286,15.055715,15.214286,13.147264,160153000
2009-03-25,15.368571,15.480000,14.837143,15.212857,13.146029,161654500
2009-03-26,15.404285,15.711429,15.368571,15.695714,13.563283,154063000
2009-03-27,15.461429,15.504286,15.200000,15.264286,13.190472,123218200
2009-03-30,14.930000,15.001429,14.658571,14.927143,12.899133,125699000
2009-03-31,15.064285,15.350000,15.000000,15.017143,12.976907,142520000
2009-04-01,14.870000,15.571428,14.841429,15.527143,13.417617,147343000
2009-04-02,15.734285,16.392857,15.682858,16.101429,13.913878,203091700
2009-04-03,16.312857,16.590000,16.217142,16.570000,14.318789,159060300
2009-04-06,16.420000,16.964285,16.182858,16.921429,14.622470,164516100
2009-04-07,16.647142,16.667143,16.312857,16.428572,14.196573,134145200
2009-04-08,16.490000,16.684286,16.368572,16.617144,14.359529,113907500
2009-04-09,16.917143,17.142857,16.851429,17.081429,14.760734,132689200
2009-04-13,17.144285,17.282858,17.000000,17.174286,14.840980,97309100
2009-04-14,17.081429,17.167143,16.750000,16.901428,14.605189,113655500
2009-04-15,16.742857,16.892857,16.537144,16.805714,14.522478,103220600
2009-04-16,17.027143,17.592857,16.969999,17.350000,14.992811,148361500
2009-04-17,17.311428,17.750000,17.178572,17.631428,15.236006,124373900
2009-04-20,17.389999,17.570000,17.022858,17.214285,14.875542,116616500
2009-04-21,16.984285,17.448572,16.942858,17.394285,15.031087,117671400
2009-04-22,17.518572,17.907143,17.314285,17.358572,15.000220,234691800
2009-04-23,18.088572,18.171429,17.644285,17.914286,15.480433,236289200
2009-04-24,17.805714,17.877142,17.567142,17.700001,15.295268,135191000
2009-04-27,17.557142,17.857143,17.522858,17.818571,15.397727,120172500
2009-04-28,17.621429,18.030001,17.608572,17.700001,15.295268,113964200
2009-04-29,17.835714,18.121429,17.690001,17.877142,15.448344,114527700
2009-04-30,18.031429,18.142857,17.845715,17.975714,15.533519,124622400
2009-05-01,17.971428,18.278572,17.971428,18.177143,15.707582,99379000
2009-05-04,18.320000,18.892857,18.240000,18.867144,16.303844,152339600
2009-05-05,18.821428,18.980000,18.731428,18.958570,16.382849,99563800
2009-05-06,19.047142,19.071428,18.602858,18.928572,16.356928,118384700
2009-05-07,18.904285,18.912857,18.271429,18.437143,15.932265,132944000
2009-05-08,18.434286,18.747143,18.037144,18.455715,15.948307,116991000
2009-05-11,18.195715,18.708570,18.160000,18.510000,15.995214,101164700
2009-05-12,18.508572,18.530001,17.607143,17.774286,15.359462,152370400
2009-05-13,17.601429,17.717142,17.054285,17.070000,14.750863,148992900
2009-05-14,17.111429,17.647142,17.100000,17.564285,15.177986,111956600
2009-05-15,17.474285,17.802856,17.372858,17.488571,15.112562,91891800
2009-05-18,17.675714,18.100000,17.367144,18.092857,15.634751,114710400
2009-05-19,18.117144,18.472857,17.962856,18.207144,15.733512,93105600
2009-05-20,18.232857,18.458570,17.900000,17.981428,15.538461,97146000
2009-05-21,17.878571,18.111429,17.555714,17.740000,15.329828,101986500
2009-05-22,17.721428,17.740000,17.392857,17.500000,15.122438,74499600
2009-05-26,17.822857,18.690001,17.792856,18.682858,16.144590,159231800
2009-05-27,18.825714,19.282858,18.701429,19.007143,16.424822,161605500
2009-05-28,19.064285,19.341429,18.861429,19.295713,16.674183,121888200
2009-05-29,19.341429,19.414286,19.121429,19.401428,16.765533,114133600
2009-06-01,19.495714,19.998571,19.428572,19.907143,17.202545,113124900
2009-06-02,19.855715,20.191429,19.764286,19.927143,17.219828,114055900
2009-06-03,20.000000,20.158571,19.867144,20.135714,17.400061,141299900
2009-06-04,20.018572,20.597143,20.005714,20.534286,17.744484,137658500
2009-06-05,20.758572,20.914286,20.458570,20.667143,17.859293,158179000
2009-06-08,20.545713,20.604286,19.918571,20.549999,17.758062,232913100
2009-06-09,20.544285,20.651428,20.078571,20.388571,17.618567,169241100
2009-06-10,20.325714,20.335714,19.757143,20.035715,17.313650,172155900
2009-06-11,19.935715,20.222857,19.792856,19.992857,17.276617,131205900
2009-06-12,19.830000,19.871429,19.434286,19.567142,16.908739,140771400
2009-06-15,19.430000,19.561428,19.270000,19.441429,16.800106,134937600
2009-06-16,19.522858,19.781429,19.442858,19.478571,16.832203,128701300
2009-06-17,19.524286,19.635714,19.218571,19.368572,16.737146,142853200
2009-06-18,19.444286,19.714285,19.370001,19.411428,16.774178,106920100
2009-06-19,19.724285,19.928572,19.557142,19.925714,17.218596,180464200
2009-06-22,20.095715,20.222857,19.475714,19.624287,16.958118,158728500
2009-06-23,19.485714,19.564285,18.982857,19.144285,16.543335,176633100
2009-06-24,19.345715,19.642857,19.265715,19.459999,16.816153,121381400
2009-06-25,19.392857,20.028572,19.315714,19.980000,17.265503,147361900
2009-06-26,19.969999,20.508572,19.962856,20.348572,17.584005,109846100
2009-06-29,20.494286,20.564285,20.219999,20.281429,17.525980,141904000
2009-06-30,20.368572,20.542856,20.257143,20.347143,17.582764,108556000
2009-07-01,20.500000,20.665714,20.360001,20.404285,17.632147,103544700
2009-07-02,20.178572,20.404285,19.969999,20.002857,17.285254,92619800
2009-07-06,19.814285,19.855715,19.464285,19.801428,17.111193,124672100
2009-07-07,19.782858,19.954287,19.311428,19.342857,16.714930,115399200
2009-07-08,19.417143,19.719999,19.202858,19.602858,16.939600,143982300
2009-07-09,19.680000,19.712856,19.418571,19.480000,16.833429,85756300
2009-07-10,19.477142,19.852858,19.474285,19.788572,17.100090,111318900
2009-07-13,19.934286,20.334286,19.647142,20.334286,17.571653,120875300
2009-07-14,20.290001,20.454287,20.165714,20.324286,17.563021,86811900
2009-07-15,20.719999,21.000000,20.617144,20.982857,18.132113,121396800
2009-07-16,20.822857,21.145714,20.795713,21.074286,18.211121,98392700
2009-07-17,21.297142,21.717142,21.232857,21.678572,18.733303,150538500
2009-07-20,21.895714,22.148571,21.555714,21.844286,18.876513,183881600
2009-07-21,21.898571,21.918571,21.392857,21.644285,18.703678,218695400
2009-07-22,22.541430,22.675714,22.301428,22.391428,19.349316,218526000
2009-07-23,22.375713,22.634285,22.222857,22.545713,19.482643,131740700
2009-07-24,22.421429,22.857143,22.357143,22.855715,19.750528,109590600
2009-07-27,22.881428,22.982857,22.465714,22.871429,19.764101,108327800
2009-07-28,22.697144,22.871429,22.514286,22.857143,19.751755,90888700
2009-07-29,22.700001,22.921429,22.607143,22.861429,19.755457,95539500
2009-07-30,23.100000,23.531429,23.071428,23.255714,20.096186,117401200
2009-07-31,23.284286,23.571428,23.272858,23.341429,20.170246,105634200
2009-08-03,23.601429,23.805714,23.552856,23.775715,20.545530,98560000
2009-08-04,23.561428,23.652857,23.458570,23.650000,20.436903,98952700
2009-08-05,23.678572,23.912857,23.458570,23.587143,20.382580,105795900
2009-08-06,23.654285,23.787144,23.298571,23.415714,20.234442,85404200
2009-08-07,23.641428,23.799999,23.542856,23.644285,20.431955,96838700
2009-08-10,23.665714,23.799999,23.379999,23.531429,20.334431,75073600
2009-08-11,23.384285,23.482857,23.125713,23.261429,20.101116,88835600
2009-08-12,23.221428,23.815714,23.208570,23.615715,20.407263,111267800
2009-08-13,23.807142,24.095715,23.785715,24.059999,20.791191,109995200
2009-08-14,23.991428,24.032858,23.647142,23.825714,20.588739,76454000
2009-08-17,23.364286,23.370001,22.774286,22.798571,19.701141,131095300
2009-08-18,23.090000,23.462856,23.058571,23.428572,20.245544,107788100
2009-08-19,23.250000,23.614286,23.207144,23.514286,20.319614,103317900
2009-08-20,23.568571,23.817142,23.515715,23.761429,20.533190,85507800
2009-08-21,23.950001,24.195715,23.828571,24.174286,20.889950,104018600
2009-08-24,24.302856,24.387142,24.038572,24.151428,20.870199,101732400
2009-08-25,24.208570,24.420000,24.161428,24.200001,20.912174,81088700
2009-08-26,24.131428,24.221428,23.822857,23.915714,20.666508,75999700
2009-08-27,24.107143,24.224285,23.547142,24.207144,20.918343,112295400
2009-08-28,24.610001,24.641428,24.075714,24.292856,20.992409,113425200
2009-08-31,24.022858,24.121429,23.785715,24.030001,20.765276,77834400
2009-09-01,23.998571,24.285715,23.562857,23.614286,20.406031,117257000
2009-09-02,23.517143,23.944286,23.444286,23.597143,20.391224,91062300
2009-09-03,23.777143,23.871429,23.571428,23.792856,20.560343,73488800
2009-09-04,23.897142,24.385714,23.870001,24.330000,21.024508,93657200
2009-09-08,24.711428,24.734285,24.571428,24.704287,21.347946,78761900
2009-09-09,24.682858,24.924286,24.242857,24.448572,21.126978,202771800
2009-09-10,24.580000,24.750000,24.401428,24.651428,21.302267,122783500
2009-09-11,24.701429,24.740000,24.410000,24.594286,21.252890,87240300
2009-09-14,24.404285,24.842857,24.321428,24.817142,21.445471,80502800
2009-09-15,24.862858,25.092857,24.798571,25.022858,21.623228,106617700
2009-09-16,25.427143,26.107143,25.411428,25.981428,22.451572,188505800
2009-09-17,25.997143,26.684286,25.995714,26.364286,22.782415,202643000
2009-09-18,26.547142,26.650000,26.394285,26.431429,22.840441,150395700
2009-09-21,26.327143,26.451429,25.945715,26.288572,22.716991,109428900
2009-09-22,26.455715,26.482857,26.121429,26.354286,22.773777,89188400
2009-09-23,26.485714,26.985714,26.432858,26.500000,22.899694,148390900
2009-09-24,26.742857,26.814285,26.110001,26.260000,22.692297,137720100
2009-09-25,26.001429,26.500000,25.920000,26.052856,22.513300,111309800
2009-09-28,26.267143,26.668571,26.190001,26.592857,22.979933,84361200
2009-09-29,26.675714,26.771429,26.330000,26.482857,22.884878,86346400
2009-09-30,26.590000,26.635714,26.087143,26.478571,22.881178,134896300
2009-10-01,26.478571,26.602858,25.814285,25.837143,22.326889,131177900
2009-10-02,25.915714,26.562857,25.907143,26.414286,22.825623,138327000
2009-10-05,26.600000,26.694286,26.324286,26.574286,22.963890,105783300
2009-10-06,26.820000,27.144285,26.757143,27.144285,23.456444,151271400
2009-10-07,27.108572,27.221428,27.004286,27.178572,23.486073,116417000
2009-10-08,27.237143,27.350000,26.984285,27.038572,23.365093,109552800
2009-10-09,26.995714,27.242857,26.945715,27.209999,23.513227,73318000
2009-10-12,27.288572,27.358572,27.091429,27.258572,23.555204,72006200
2009-10-13,27.232857,27.309999,27.100000,27.145714,23.457678,87005100
2009-10-14,27.464285,27.474285,27.175714,27.327143,23.614460,93877700
2009-10-15,27.090000,27.274286,27.075714,27.222857,23.524345,93389100
2009-10-16,27.049999,27.194286,26.834286,26.864286,23.214489,107856700
2009-10-19,26.835714,27.142857,26.507143,27.122858,23.437927,235557700
2009-10-20,28.657143,28.821428,28.264286,28.394285,24.536613,285259800
2009-10-21,28.502857,29.815714,28.461428,29.274286,25.297062,298431700
2009-10-22,29.242857,29.692858,28.930000,29.314285,25.331631,197848000
2009-10-23,29.385714,29.400000,29.032858,29.134285,25.176083,105196700
2009-10-26,29.095715,29.535715,28.585714,28.925714,24.995848,121084600
2009-10-27,28.808571,28.972857,28.064285,28.195715,24.365030,189137900
2009-10-28,28.244286,28.288572,27.299999,27.485714,23.751486,204596700
2009-10-29,27.857143,28.115715,27.448572,28.049999,24.239109,142567600
2009-10-30,28.008572,28.114286,26.881428,26.928572,23.270041,179381300
2009-11-02,27.114286,27.554285,26.510000,27.044285,23.370037,169745800
2009-11-03,26.835714,27.074286,26.559999,26.964285,23.300901,130635400
2009-11-04,27.247143,27.692858,27.175714,27.258572,23.555204,121882600
2009-11-05,27.485714,27.857143,27.402857,27.718571,23.952711,96200300
2009-11-06,27.501429,27.884285,27.485714,27.762857,23.990971,73774400
2009-11-09,28.134285,28.842857,28.037144,28.780001,24.869932,132213900
2009-11-10,28.717142,29.282858,28.715714,28.997143,25.057570,100298800
2009-11-11,29.222857,29.285715,28.832857,29.035715,25.090902,110967500
2009-11-12,29.020000,29.267143,28.775715,28.855715,24.935360,90932800
2009-11-13,28.981428,29.261429,28.867144,29.207144,25.239037,85810200
2009-11-16,29.354286,29.714285,29.287144,29.518572,25.508160,121301600
2009-11-17,29.440001,29.634285,29.285715,29.571428,25.553837,99128400
2009-11-18,29.505714,29.571428,29.142857,29.422857,25.425449,93580200
2009-11-19,29.230000,29.230000,28.542856,28.644285,24.752653,135581600
2009-11-20,28.450001,28.627142,28.251429,28.559999,24.679821,101666600
2009-11-23,29.000000,29.428572,28.992857,29.411428,25.415569,118724200
2009-11-24,29.332857,29.411428,28.985714,29.205715,25.237806,79609600
2009-11-25,29.342857,29.378571,29.108572,29.170000,25.206944,71613500
2009-11-27,28.459999,28.994286,28.338572,28.655714,24.762533,73814300
2009-11-30,28.730000,28.811428,28.395714,28.558571,24.678583,106214500
2009-12-01,28.891428,28.967142,28.118572,28.138571,24.315647,116440800
2009-12-02,28.422857,28.774286,27.964285,28.032858,24.224298,178815000
2009-12-03,28.202858,28.425714,28.038572,28.068571,24.255161,112179900
2009-12-04,28.528572,28.554285,27.182858,27.617144,23.865059,206721200
2009-12-07,27.617144,27.681429,26.954287,26.992857,23.325596,178689700
2009-12-08,27.051428,27.478571,26.957144,27.124287,23.439163,172599700
2009-12-09,27.325714,28.308571,27.187143,28.257143,24.418110,171195500
2009-12-10,28.500000,28.528572,28.017143,28.061428,24.248983,122417400
2009-12-11,28.254286,28.285715,27.632856,27.809999,24.031715,107443700
2009-12-14,27.910000,28.204287,27.508572,28.139999,24.316883,123947600
2009-12-15,27.975714,28.215714,27.610001,27.738571,23.969992,104864900
2009-12-16,27.871429,28.071428,27.792856,27.861429,24.076151,88246200
2009-12-17,27.751429,27.857143,27.285715,27.408571,23.684828,97209700
2009-12-18,27.595715,27.928572,27.514286,27.918571,24.125538,152192600
2009-12-21,28.007143,28.535715,27.952858,28.318571,24.471191,152976600
2009-12-22,28.491428,28.692858,28.379999,28.622858,24.734137,87378900
2009-12-23,28.742857,28.911428,28.687143,28.871429,24.948936,86381400
2009-12-24,29.078571,29.907143,29.049999,29.862858,25.805674,125222300
2009-12-28,30.245714,30.564285,29.944286,30.230000,26.122931,161141400
2009-12-29,30.375713,30.388571,29.818571,29.871429,25.813078,111301400
2009-12-30,29.832857,30.285715,29.758572,30.234285,26.126631,103021100
2009-12-31,30.447144,30.478571,30.080000,30.104286,26.014299,88102700
2010-01-04,30.490000,30.642857,30.340000,30.572857,26.419203,123432400
2010-01-05,30.657143,30.798571,30.464285,30.625713,26.464878,150476200
2010-01-06,30.625713,30.747143,30.107143,30.138571,26.043921,138040000
2010-01-07,30.250000,30.285715,29.864286,30.082857,25.995777,119282800
2010-01-08,30.042856,30.285715,29.865715,30.282858,26.168606,111902700
2010-01-11,30.400000,30.428572,29.778572,30.015715,25.937763,115557400
2010-01-12,29.884285,29.967142,29.488571,29.674286,25.642714,148614900
2010-01-13,29.695715,30.132856,29.157143,30.092857,26.004419,151473000
2010-01-14,30.015715,30.065714,29.860001,29.918571,25.853821,108223500
2010-01-15,30.132856,30.228571,29.410000,29.418571,25.421745,148516900
2010-01-19,29.761429,30.741428,29.605715,30.719999,26.546362,182501900
2010-01-20,30.701429,30.792856,29.928572,30.247143,26.137741,153038200
2010-01-21,30.297142,30.472857,29.601429,29.724285,25.685919,152038600
2010-01-22,29.540001,29.642857,28.165714,28.250000,24.411934,220441900
2010-01-25,28.930000,29.242857,28.598572,29.010000,25.068684,266424900
2010-01-26,29.421429,30.530001,28.940001,29.420000,25.422976,466777500
2010-01-27,29.549999,30.082857,28.504286,29.697144,25.662466,430642100
2010-01-28,29.275715,29.357143,28.385714,28.469999,24.602047,293375600
2010-01-29,28.725714,28.885714,27.178572,27.437143,23.709522,311488100
2010-02-01,27.481428,28.000000,27.328571,27.818571,24.039122,187469100
2010-02-02,27.987143,28.045713,27.625713,27.980000,24.178619,174585600
2010-02-03,27.881428,28.600000,27.774286,28.461428,24.594633,153832000
2010-02-04,28.104286,28.338572,27.367144,27.435715,23.708282,189413000
2010-02-05,27.518572,28.000000,27.264286,27.922857,24.129242,212576700
2010-02-08,27.955715,28.268572,27.714285,27.731428,23.963820,119567700
2010-02-09,28.059999,28.214285,27.821428,28.027143,24.219357,158221700
2010-02-10,27.984285,28.085714,27.751429,27.874287,24.087267,92590400
2010-02-11,27.840000,28.535715,27.722857,28.381428,24.525509,137586400
2010-02-12,28.301428,28.805714,27.928572,28.625713,24.736601,163867200
2010-02-16,28.848572,29.098572,28.788572,29.057142,25.109415,135934400
2010-02-17,29.170000,29.187143,28.694286,28.935715,25.004488,109099200
2010-02-18,28.804285,29.127142,28.702858,28.990000,25.051394,105706300
2010-02-19,28.837143,29.028572,28.730000,28.809999,24.895855,103867400
2010-02-22,28.905714,28.928572,28.455715,28.631428,24.741550,97640900
2010-02-23,28.571428,28.761429,27.958570,28.151428,24.326756,143773700
2010-02-24,28.318571,28.777143,28.262857,28.665714,24.771173,115141600
2010-02-25,28.197144,28.980000,28.127142,28.857143,24.936594,166281500
2010-02-26,28.911428,29.309999,28.857143,29.231428,25.260027,126865200
2010-03-01,29.392857,29.928572,29.350000,29.855715,25.799492,137523400
2010-03-02,29.990000,30.118572,29.677143,29.835714,25.782213,141636600
2010-03-03,29.848572,29.981428,29.705715,29.904285,25.841471,93013200
2010-03-04,29.897142,30.131428,29.804285,30.101429,26.011827,91510300
2010-03-05,30.705715,31.385714,30.661428,31.278572,27.029045,224905100
2010-03-08,31.430000,31.441429,31.178572,31.297142,27.045094,107472400
2010-03-09,31.187143,32.142857,31.127142,31.860001,27.531477,230064800
2010-03-10,31.975714,32.211430,31.885714,32.119999,27.756159,149054500
2010-03-11,31.987143,32.214287,31.902857,32.214287,27.837633,101425100
2010-03-12,32.481430,32.532856,32.250000,32.371429,27.973427,104080900
2010-03-15,32.197144,32.214287,31.464285,31.977142,27.632708,123375700
2010-03-16,32.025715,32.139999,31.787144,32.064285,27.708010,111727000
2010-03-17,32.128571,32.349998,31.895714,32.017143,27.667271,112739200
2010-03-18,32.014286,32.142857,31.801428,32.092857,27.732700,85527400
2010-03-19,32.112858,32.177143,31.604286,31.750000,27.436424,139861400
2010-03-22,31.495714,32.285713,31.450001,32.107143,27.745047,114104900
2010-03-23,32.234287,32.682858,32.014286,32.622856,28.190697,150607800
2010-03-24,32.520000,32.885715,32.501427,32.767143,28.315372,149445100
2010-03-25,32.988571,32.995716,32.321430,32.378571,27.979595,135571100
2010-03-26,32.707142,33.135715,32.650002,32.985714,28.504251,160218800
2010-03-29,33.285713,33.410000,33.088570,33.198570,28.688181,135186100
2010-03-30,33.799999,33.925713,33.464287,33.692856,29.115320,131827500
2010-03-31,33.641430,33.801430,33.494286,33.571430,29.010393,107664900
2010-04-01,33.915714,34.104286,33.250000,33.709999,29.130138,150786300
2010-04-05,33.568573,34.072857,33.538570,34.070000,29.441225,171126900
2010-04-06,34.028572,34.320000,33.857143,34.220001,29.570850,111754300
2010-04-07,34.221428,34.560001,34.094284,34.371429,29.701702,157125500
2010-04-08,34.348572,34.505714,34.005714,34.278572,29.621462,143247300
2010-04-09,34.490002,34.555714,34.351429,34.541428,29.848612,83545700
2010-04-12,34.599998,34.724285,34.544285,34.612858,29.910328,83256600
2010-04-13,34.551430,34.685715,34.444286,34.632858,29.927614,76552700
2010-04-14,35.040001,35.115715,34.867142,35.098572,30.330050,101019100
2010-04-15,35.111427,35.575714,35.072857,35.560001,30.728802,94196200
2010-04-16,35.509998,35.877144,34.935715,35.342857,30.541153,187636400
2010-04-19,35.290001,35.412857,34.538570,35.295715,30.500416,141731100
2010-04-20,35.505714,35.607143,34.708572,34.941429,30.194262,184581600
2010-04-21,36.971428,37.178570,36.532856,37.031429,32.000320,245597800
2010-04-22,36.891430,38.107143,36.599998,38.067142,32.895317,198356200
2010-04-23,38.284286,38.882858,38.142857,38.689999,33.433544,199238900
2010-04-26,38.840000,38.922855,38.312859,38.500000,33.269371,119767200
2010-04-27,38.181427,38.262856,37.217144,37.434284,32.348431,177335900
2010-04-28,37.607143,37.714287,36.630001,37.371429,32.294128,189600600
2010-04-29,37.574287,38.571430,37.430000,38.377144,33.163208,139710200
2010-04-30,38.472858,38.652859,37.285713,37.298573,32.231163,135615900
2010-05-03,37.691429,38.268570,37.554287,38.049999,32.880497,113585500
2010-05-04,37.555714,37.612858,36.678570,36.954285,31.933649,180954900
2010-05-05,36.147144,36.877144,35.532856,36.570000,31.601572,220775800
2010-05-06,36.261429,36.892857,28.464285,35.178570,30.399185,321465200
2010-05-07,34.815716,35.224285,32.172855,33.694286,29.116560,419004600
2010-05-10,35.750000,36.378571,35.504284,36.284286,31.354681,246076600
2010-05-11,35.977142,37.127144,35.785713,36.645714,31.667007,212226700
2010-05-12,37.034286,37.590000,36.957142,37.441429,32.354610,163594900
2010-05-13,37.602856,37.857143,36.628571,36.908573,31.894154,149928100
2010-05-14,36.451427,36.639999,35.642857,36.259998,31.333693,189840700
2010-05-17,36.385715,36.597141,35.387142,36.317142,31.383072,190708700
2010-05-18,36.711430,36.935715,35.751427,36.051430,31.153444,195669600
2010-05-19,35.642857,36.131428,34.978573,35.477142,30.657200,256431700
2010-05-20,34.554287,34.835712,33.744286,33.965714,29.351116,320728800
2010-05-21,33.259998,34.928570,33.049999,34.617142,29.914036,305972800
2010-05-24,35.325714,35.842857,35.180000,35.251427,30.462145,188559700
2010-05-25,34.192856,35.251427,33.880001,35.031429,30.272043,262001600
2010-05-26,35.725716,36.018570,34.821430,34.872856,30.135004,212663500
2010-05-27,35.799999,36.270000,35.587143,36.192856,31.275675,166570600
2010-05-28,37.055714,37.057144,36.192856,36.697144,31.711449,203903700
2010-06-01,37.098572,37.991428,36.994286,37.261429,32.199070,219118200
2010-06-02,37.791428,37.828571,37.189999,37.707142,32.584229,172137000
2010-06-03,37.882858,37.935715,37.201427,37.588570,32.481762,162526700
2010-06-04,36.887142,37.414288,36.375713,36.565716,31.597862,189576100
2010-06-07,36.898571,37.021427,35.792858,35.848572,30.978167,221735500
2010-06-08,36.177143,36.257141,35.092857,35.618572,30.779409,250192600
2010-06-09,35.924286,35.985714,34.641430,34.742859,30.022667,213657500
2010-06-10,34.977142,35.854286,34.599998,35.787144,30.925081,194089000
2010-06-11,35.461430,36.265713,35.338570,36.215714,31.295420,136439800
2010-06-14,36.565716,37.021427,36.287144,36.325714,31.390488,150740100
2010-06-15,36.520000,37.121429,36.500000,37.098572,32.058334,146268500
2010-06-16,37.299999,38.250000,37.232857,38.178570,32.991604,195919500
2010-06-17,38.657143,38.985714,38.500000,38.838570,33.561932,218213800
2010-06-18,38.892857,39.285713,38.774284,39.152859,33.833519,196155400
2010-06-21,39.669998,39.858570,38.389999,38.595715,33.352081,194122600
2010-06-22,38.880001,39.424286,38.785713,39.121429,33.806358,179315500
2010-06-23,39.225716,39.237144,38.271427,38.709999,33.450836,192114300
2010-06-24,38.714287,39.028572,38.299999,38.428570,33.207645,178569300
2010-06-25,38.580002,38.610001,37.972858,38.099998,32.923714,137485600
2010-06-28,38.132858,38.535713,37.788570,38.328571,33.121231,146237000
2010-06-29,37.731430,37.770000,36.328571,36.595715,31.623793,283336200
2010-06-30,36.672855,36.852856,35.715714,35.932858,31.051003,184863000
2010-07-01,36.328571,36.400002,34.745716,35.497143,30.674486,255724000
2010-07-02,35.784286,35.847141,34.742859,35.277142,30.484371,173460700
2010-07-06,35.857143,36.114285,35.165714,35.518570,30.692995,153808900
2010-07-07,35.784286,36.967144,35.678570,36.952858,31.932411,163639000
2010-07-08,37.497143,37.557144,36.412857,36.869999,31.860821,184536100
2010-07-09,36.698570,37.128571,36.451427,37.088570,32.049694,108330600
2010-07-12,36.932858,37.407143,36.408573,36.755714,31.762062,140719600
2010-07-13,36.617142,36.628571,35.204285,35.971428,31.084322,297731000
2010-07-14,35.625713,36.542858,35.571430,36.104286,31.199139,203011900
2010-07-15,35.461430,36.709999,35.328571,35.921429,31.041115,206216500
2010-07-16,36.168571,36.424286,35.487144,35.700001,30.849787,259964600
2010-07-19,35.697144,35.697144,34.228573,35.082859,30.316486,256119500
2010-07-20,34.700001,36.128571,34.287144,35.984287,31.095438,268737700
2010-07-21,37.869999,37.878571,36.285713,36.320000,31.385534,296417800
2010-07-22,36.811428,37.142857,36.472858,37.002857,31.975630,161329700
2010-07-23,36.727142,37.197144,36.611427,37.134285,32.089188,133347200
2010-07-26,37.142857,37.157143,36.815716,37.040001,32.007721,105137900
2010-07-27,37.267143,37.828571,37.185715,37.725716,32.600266,146192900
2010-07-28,37.667141,37.998573,37.178570,37.279999,32.215107,129996300
2010-07-29,37.244286,37.521427,36.585712,36.872856,31.863291,160951700
2010-07-30,36.555714,37.099998,36.414288,36.750000,31.757126,112052500
2010-08-02,37.205715,37.512856,37.088570,37.407143,32.324974,107013900
2010-08-03,37.287144,37.608570,37.060001,37.418571,32.334858,104413400
2010-08-04,37.548573,37.754284,37.187141,37.568573,32.464500,105093800
2010-08-05,37.389999,37.597141,37.221428,37.385715,32.306469,72274300
2010-08-06,37.111427,37.355713,36.804287,37.155716,32.107712,111224400
2010-08-09,37.354286,37.450001,37.081429,37.392857,32.312637,75782000
2010-08-10,37.121429,37.207142,36.792858,37.058571,32.023773,112980000
2010-08-11,36.485714,36.527142,35.687141,35.741428,30.885572,155013600
2010-08-12,35.241428,36.157143,35.160000,35.970001,31.083094,133730100
2010-08-13,35.950001,35.982857,35.584286,35.585712,30.751017,88717300
2010-08-16,35.368572,35.715714,35.231430,35.377144,30.570787,79607500
2010-08-17,35.725716,36.375713,35.599998,35.995716,31.105318,105660100
2010-08-18,36.051430,36.381428,35.939999,36.152859,31.241102,84924000
2010-08-19,36.119999,36.211430,35.525715,35.697144,30.847307,106676500
2010-08-20,35.627144,36.274284,35.571430,35.662857,30.817675,96057500
2010-08-23,35.970001,36.000000,35.035713,35.114285,30.343628,103510400
2010-08-24,34.667141,34.714287,34.092857,34.275715,29.618998,150641400
2010-08-25,34.005714,34.855713,33.885715,34.698570,29.984407,149216900
2010-08-26,35.064285,35.107143,34.325714,34.325714,29.662197,116626300
2010-08-27,34.535713,34.658573,33.651428,34.517143,29.827620,137097800
2010-08-30,34.394287,35.107143,34.382858,34.642857,29.936251,95822300
2010-08-31,34.549999,34.937141,34.335712,34.728573,30.010326,105196700
2010-09-01,35.352856,35.922855,35.182858,35.761429,30.902855,174259400
2010-09-02,35.894287,36.024284,35.509998,36.024284,31.129995,103856900
2010-09-03,36.441429,36.968571,36.357143,36.967144,31.944761,130197200
2010-09-07,36.662857,37.075714,36.607143,36.830002,31.826252,85639400
2010-09-08,37.111427,37.770000,37.014286,37.560001,32.457088,131637800
2010-09-09,37.862858,38.074287,37.560001,37.581429,32.475586,109643800
2010-09-10,37.598572,37.785713,37.342857,37.630001,32.517559,96885600
2010-09-13,37.974285,38.325714,37.965714,38.148571,32.965687,97195000
2010-09-14,38.029999,38.452858,37.931427,38.294285,33.091587,102037600
2010-09-15,38.310001,38.625713,38.262856,38.602856,33.358253,107342200
2010-09-16,38.605713,39.524284,38.500000,39.509998,34.142143,163025800
2010-09-17,39.669998,39.708572,39.097141,39.338570,33.994011,158619300
2010-09-20,39.439999,40.540001,39.407143,40.461430,34.964310,164669400
2010-09-21,40.551430,41.049999,40.398571,40.538570,35.030979,167018600
2010-09-22,40.387142,41.139999,40.344284,41.107143,35.522301,146322400
2010-09-23,40.904285,41.822857,40.857143,41.274284,35.666725,196529200
2010-09-24,41.728573,41.932858,41.507141,41.759998,36.086449,162372000
2010-09-27,41.997143,42.104286,41.572857,41.594284,35.943260,120708700
2010-09-28,41.681427,41.681427,39.285713,40.980000,35.412422,258760600
2010-09-29,41.032856,41.401428,40.857143,41.052856,35.475391,117411000
2010-09-30,41.285713,41.428570,40.178570,40.535713,35.028503,168347900
2010-10-01,40.878571,40.939999,40.192856,40.360001,34.876656,112035700
2010-10-04,40.228573,40.414288,39.681427,39.805714,34.397678,108825500
2010-10-05,40.285713,41.349998,40.259998,41.277142,35.669201,125491800
2010-10-06,41.369999,41.712856,40.751427,41.312859,35.700069,167717200
2010-10-07,41.477142,41.497143,40.987144,41.317142,35.703773,102099900
2010-10-08,41.672855,42.071430,41.428570,42.009998,36.302498,164600800
2010-10-11,42.105713,42.462856,42.085712,42.194286,36.461742,106938300
2010-10-12,42.201427,42.785713,41.784286,42.648571,36.854305,139636000
2010-10-13,42.885715,43.137142,42.828571,42.877144,37.051823,157523100
2010-10-14,43.098572,43.209999,42.914288,43.187141,37.319714,108824100
2010-10-15,43.919998,45.000000,43.558571,44.962856,38.854172,230548500
2010-10-18,45.495716,45.571430,44.898571,45.428570,39.256626,273252700
2010-10-19,43.342857,44.824287,42.860001,44.212856,38.206078,308196000
2010-10-20,44.142857,44.892857,43.838570,44.361427,38.334461,180406100
2010-10-21,44.622856,44.962856,43.828571,44.217144,38.209778,137865000
2010-10-22,44.152859,44.291428,43.757141,43.924286,37.956703,93194500
2010-10-25,44.155716,44.514286,44.062859,44.119999,38.125828,98115500
2010-10-26,43.838570,44.248573,43.664288,44.007141,38.028301,98232400
2010-10-27,43.950001,44.271427,43.657143,43.975716,38.001141,99750700
2010-10-28,43.992859,44.000000,42.985714,43.605713,37.681408,137762800
2010-10-29,43.461430,43.697144,42.981430,42.997143,37.155525,107627800
2010-11-01,43.174286,43.657143,43.171429,43.454285,37.550552,105972300
2010-11-02,43.857143,44.312859,43.857143,44.194286,38.190014,108482500
2010-11-03,44.481430,44.697144,44.075714,44.685715,38.614681,127087100
2010-11-04,45.064285,45.740002,45.004284,45.467144,39.289940,160622000
2010-11-05,45.427143,45.652859,45.250000,45.304287,39.149227,90313300
2010-11-08,45.314285,45.681427,45.251427,45.517143,39.333157,70439600
2010-11-09,45.864285,45.900002,44.928570,45.154285,39.019592,95886000
2010-11-10,45.234287,45.538570,44.792858,45.432858,39.260319,96056800
2010-11-11,45.000000,45.485714,44.892857,45.235714,39.089954,90321000
2010-11-12,45.142857,45.214287,43.375713,44.004284,38.025829,198961700
2010-11-15,44.065716,44.362858,43.752857,43.862858,37.903629,100901500
2010-11-16,43.674286,43.942856,42.759998,43.084286,37.230824,164412500
2010-11-17,43.028572,43.427143,42.537144,42.928570,37.096264,119862400
2010-11-18,43.599998,44.238571,43.527142,44.061428,38.075218,123622800
2010-11-19,43.995716,44.057144,43.605713,43.818573,37.865353,96210800
2010-11-22,43.811428,44.765713,43.695713,44.765713,38.683811,98268800
2010-11-23,44.349998,44.535713,43.794285,44.104286,38.112251,129861900
2010-11-24,44.571430,45.057144,44.535713,44.971428,38.861572,103431300
2010-11-26,44.820000,45.385715,44.705715,45.000000,38.886272,59396400
2010-11-29,45.071430,45.354286,44.482857,45.267143,39.117115,111446300
2010-11-30,44.791428,44.908573,44.410000,44.450001,38.411003,125464500
2010-12-01,45.038570,45.392857,45.000000,45.200001,39.059097,115437700
2010-12-02,45.361427,45.571430,44.984287,45.450001,39.275131,115709300
2010-12-03,45.287144,45.521427,45.191429,45.348572,39.187492,85523200
2010-12-06,45.520000,46.047142,45.488571,45.735714,39.522030,112120400
2010-12-07,46.257141,46.284286,45.445713,45.458572,39.282543,97863500
2010-12-08,45.661430,45.860001,45.301430,45.858570,39.628189,80483900
2010-12-09,46.018570,46.071430,45.574287,45.680000,39.473885,73537800
2010-12-10,45.664288,45.864285,45.514286,45.794285,39.572651,65627800
2010-12-13,46.338570,46.437141,45.857143,45.952858,39.709686,109953900
2010-12-14,45.961430,46.077145,45.571430,45.755714,39.539314,87752000
2010-12-15,45.714287,46.142857,45.598572,45.765713,39.547947,104328000
2010-12-16,45.869999,46.087143,45.728573,45.892857,39.657825,80507700
2010-12-17,45.947144,45.970001,45.747143,45.801430,39.578823,96732300
2010-12-20,45.942856,46.178570,45.461430,46.029999,39.776329,96402600
2010-12-21,46.142857,46.341427,46.007141,46.314285,40.021992,64088500
2010-12-22,46.337143,46.531429,46.221428,46.451427,40.140503,66480400
2010-12-23,46.428570,46.450001,46.167141,46.228573,39.947918,55789300
2010-12-27,46.121429,46.491428,45.931427,46.382858,40.081257,62454000
2010-12-28,46.558571,46.665714,46.437141,46.495716,40.178780,43981000
2010-12-29,46.602856,46.635715,46.442856,46.470001,40.156563,40784800
2010-12-30,46.497143,46.501427,46.150002,46.237144,39.955326,39373600